time,total_slot_ms
0,1183025
1,903794
2,395408
3,0
4,3177
5,6316
6,1182136
7,2400071
8,9355237
9,906862
10,546509
11,6270
12,0
13,4175304
14,972371
15,0
16,55220
17,0
18,0
19,54166
20,66740
21,0
22,4489
23,3038
24,2023465
25,0
26,0
27,0
28,3673909
29,0
30,234225
31,46055
32,420918
33,0
34,0
35,0
36,2214
37,2866
38,2021
39,1132922
40,8647118
41,277375
42,1033538
43,1664360
44,6587697
45,1397165
46,11410563
47,4767672
48,11716227
49,416411
50,2970
51,1377
52,0
53,0
54,22
55,5918330
56,0
57,376040
58,0
59,392627
60,0
61,0
62,0
63,850
64,3677
65,1916
66,86609
67,0
68,27072
69,21309
70,0
71,0
72,0
73,47555
74,0
75,0
76,0
77,0
78,0
79,0
80,0
81,0
82,8204
83,0
84,365978
85,0
86,0
87,0
88,0
89,0
90,398380
91,0
92,0
93,3291
94,0
95,0
96,46456
97,0
98,0
99,0
100,0
101,0
102,0
103,0
104,0
105,0
106,0
107,236940
108,39643
109,223055
110,0
111,0
112,0
113,0
114,0
115,0
116,0
117,0
118,0
119,0
120,4214092
121,0
122,0
123,0
124,0
125,0
126,0
127,0
128,0
129,5884378
130,176103
131,9783889
132,3331564
133,4804479
134,40235321
135,45001566
136,8575654
137,173140
138,25895964
139,1221144
140,904191
141,85550
142,7333032
143,638256
144,23270394
145,18167737
146,42528097
147,26033979
148,11427792
149,5895596
150,33544739
151,2138769
152,24780959
153,36475111
154,26382406
155,18959475
156,23886819
157,18494956
158,39449986
159,40685996
160,30141547
161,15666201
162,29252165
163,31222008
164,13684319
165,20000107
166,5619920
167,14594944
168,26947283
169,26237015
170,12239526
171,14104150
172,3061737
173,5135702
174,13286526
175,29602257
176,12620468
177,18903454
178,60167727
179,15944914
180,31673635
181,28212234
182,19334435
183,5477955
184,14463528
185,7450567
186,15229608
187,10852288
188,25819964
189,16451017
190,48400480
191,4463105
192,17504317
193,1855640
194,12691304
195,23976006
196,4820240
197,8848278
198,14932703
199,2008315
200,13145738
201,31172099
202,3443824
203,1828915
204,15776535
205,6094411
206,9693243
207,11394624
208,1135351
209,12940582
210,4474481
211,23388168
212,54204531
213,63967607
214,54606184
215,7407215
216,32925046
217,5137487
218,2080581
219,22955369
220,39979894
221,6606923
222,18339383
223,12067639
224,6108459
225,9342921
226,34840460
227,23882961
228,15525163
229,73634693
230,84167484
231,82174766
232,81518907
233,56773190
234,61832781
235,61736256
236,56166847
237,50187134
238,33179714
239,11600172
240,15219926
241,8843881
242,11037203
243,22352675
244,22497811
245,2350544
246,6809651
247,18542296
248,7316875
249,26675455
250,7875947
251,10275879
252,2712345
253,5826896
254,5078458
255,10790839
256,3442260
257,823099
258,2818726
259,730745
260,2890353
261,5969384
262,4299088
263,2545705
264,2951396
265,17007165
266,19879634
267,14693943
268,315539
269,228874
270,401402
271,609707
272,6044964
273,1708013
274,1705853
275,3603624
276,32883845
277,30917007
278,30814761
279,30338516
280,28948744
281,33356752
282,32519111
283,22068902
284,31248714
285,32753310
286,31309599
287,32389571
288,32680791
289,31950437
290,27837380
291,31982737
292,30610882
293,29288869
294,15058599
295,29945630
296,32282756
297,25139801
298,29680781
299,33366326
300,30493781
301,33515284
302,33431590
303,33524973
304,30409915
305,30565574
306,31204292
307,33176609
308,33161504
309,31442813
310,27835234
311,33086044
312,32067587
313,33242232
314,32306687
315,30521292
316,31748083
317,33475756
318,32491969
319,33153716
320,32708914
321,31934577
322,29840350
323,18673877
324,17314869
325,26409432
326,5628501
327,2941809
328,1645996
329,514713
330,507462
331,1252287
332,919360
333,872296
334,875544
335,880364
336,912681
337,1024615
338,1210312
339,5504571
340,1311192
341,18408989
342,4784814
343,1224175
344,4518248
345,1213579
346,1208835
347,1221752
348,1215114
349,1225929
350,1309965
351,1668839
352,1247703
353,1215978
354,1214423
355,1221841
356,580772
357,0
358,0
359,0
360,0
361,33190
362,0
363,133
364,10061
365,0
366,12
367,121
368,0
369,0
370,0
371,0
372,0
373,453559
374,0
375,0
376,9919
377,0
378,0
379,0
380,0
381,3597
382,0
383,587986
384,0
385,42126
386,0
387,0
388,13690
389,0
390,0
391,0
392,0
393,0
394,0
395,284975
396,81522
397,0
398,0
399,0
400,13355
401,0
402,0
403,13253300
404,33585885
405,33601704
406,33600180
407,33599056
408,33251473
409,33600110
410,33347439
411,29202235
412,24966373
413,22711990
414,23081361
415,28064575
416,18393258
417,32073218
418,25765015
419,29375973
420,24755843
421,56718472
422,30616284
423,24334058
424,44132407
425,14693868
426,22445132
427,26160427
428,30296023
429,31079993
430,48710379
431,1710839
432,25872982
433,6965199
434,26834707
435,6226198
436,10167439
437,10277056
438,51431187
439,13524956
440,10672716
441,63351233
442,37394219
443,10070430
444,36687238
445,40113989
446,15793495
447,21716818
448,60433642
449,65210129
450,65668783
451,39217650
452,14991400
453,63890174
454,43281548
455,6364622
456,9125298
457,40421193
458,42011130
459,33057962
460,34940525
461,969906
462,47421971
463,6878637
464,17304952
465,9815733
466,6426527
467,22495885
468,10396964
469,4708703
470,9974667
471,6054380
472,3821451
473,14264344
474,4171695
475,2177562
476,6082675
477,1370933
478,521779
479,5120584
480,9114242
481,960948
482,10307017
483,15349189
484,46412536
485,1454545
486,1719362
487,11490511
488,5192327
489,9307069
490,41513319
491,11554069
492,6795955
493,15018522
494,15153559
495,10593303
496,8971039
497,25553524
498,22885457
499,27862395
500,50456829
501,9541450
502,24240757
503,35547583
504,26292705
505,6326849
506,6932132
507,9104235
508,10667974
509,22836357
510,5802085
511,31325940
512,9586671
513,6033156
514,15685955
515,9821509
516,10849521
517,21005785
518,14235635
519,7357139
520,2410854
521,12940507
522,3226390
523,11693652
524,23123586
525,11989385
526,8262664
527,1959955
528,3110580
529,36201192
530,1986905
531,3607098
532,3028113
533,14246516
534,62096183
535,36605618
536,36877032
537,28552849
538,14403938
539,38627389
540,18856998
541,14665919
542,6036161
543,752470
544,4517894
545,19276372
546,64715741
547,11216823
548,4506042
549,2895600
550,8636213
551,3469344
552,515267
553,6648610
554,14136319
555,17747307
556,31026414
557,33421105
558,32784750
559,33551456
560,27192776
561,22380492
562,28943391
563,9229375
564,46070
565,535851
566,1210368
567,1032484
568,18903261
569,12514
570,108269
571,1116757
572,137167
573,0
574,1365759
575,7537920
576,6029415
577,14367
578,792796
579,1723671
580,640654
581,1977273
582,3977246
583,31746
584,1289756
585,198824
586,399992
587,101985
588,198208
589,287819
590,0
591,0
592,5059
593,0
594,0
595,0
596,3059
597,0
598,0
599,0
600,0
601,9808
602,9817
603,5136
604,73
605,0
606,361787
607,0
608,0
609,0
610,43626
611,196607
612,0
613,157865
614,832022
615,923
616,498
617,156924
618,83721
619,0
620,188286
621,73257
622,0
623,0
624,55549
625,175251
626,0
627,0
628,66
629,0
630,216359
631,419130
632,0
633,0
634,0
635,0
636,794832
637,42548
638,0
639,0
640,38
641,0
642,165949
643,482281
644,0
645,0
646,0
647,0
648,0
649,11677
650,0
651,0
652,35830
653,11029
654,0
655,0
656,0
657,0
658,0
659,0
660,471430
661,12009
662,0
663,0
664,33
665,0
666,0
667,0
668,0
669,5182
670,0
671,0
672,45980
673,30040
674,0
675,0
676,37
677,0
678,0
679,0
680,0
681,0
682,0
683,238867
684,5804906
685,15728
686,0
687,0
688,32
689,0
690,0
691,0
692,0
693,0
694,0
695,0
696,4138772
697,16908
698,0
699,347907
700,5651943
701,0
702,9036
703,841664
704,24657
705,5890787
706,992199
707,9587928
708,4111710
709,19658380
710,10959949
711,753497
712,389
713,1683226
714,7918832
715,6860987
716,37952
717,2733233
718,149157
719,698919
720,23132269
721,9150493
722,25708520
723,53877774
724,50449595
725,14157963
726,31540869
727,9895738
728,31441716
729,21405730
730,9189103
731,3386399
732,34586749
733,32858174
734,28519376
735,31894407
736,30980242
737,18317080
738,34982856
739,53113782
740,15304285
741,59260536
742,63421698
743,47713099
744,48443978
745,43977308
746,48289187
747,32156956
748,37944323
749,1504804
750,39605860
751,7922483
752,13385708
753,6799246
754,14739683
755,12719779
756,10949841
757,5256647
758,3702982
759,4825562
760,16325277
761,11802561
762,16487451
763,13894638
764,8150855
765,4537460
766,3616046
767,2645637
768,10009015
769,6134923
770,6801993
771,6195145
772,5362007
773,6047648
774,8361042
775,287941
776,1001087
777,4111718
778,5133569
779,7263054
780,21479719
781,5685671
782,3319004
783,2971276
784,14489436
785,32440542
786,26701896
787,18241197
788,28309004
789,20397560
790,14849380
791,9012659
792,43680399
793,15246972
794,23983131
795,42035482
796,57756033
797,49081860
798,59675934
799,31836748
800,32824504
801,14957729
802,9888380
803,43038590
804,33983263
805,14935137
806,10934154
807,32394775
808,42282176
809,58607314
810,57320444
811,30868253
812,38321106
813,8443789
814,15197536
815,19400885
816,16887031
817,10277274
818,25693903
819,7175152
820,12569431
821,2865441
822,9066390
823,6200994
824,10812874
825,3099331
826,14218157
827,16351713
828,13597024
829,16197735
830,7088251
831,15238262
832,2477993
833,7256457
834,9081528
835,15819034
836,50179539
837,20199229
838,26437409
839,22993916
840,5538985
841,5597691
842,6325412
843,3226549
844,774763
845,3717367
846,397036
847,3697405
848,7026496
849,16387277
850,15547557
851,26849846
852,6206230
853,2731533
854,2266433
855,7195677
856,17289173
857,30448
858,217
859,3745362
860,0
861,0
862,0
863,0
864,62
865,27728
866,80338
867,96617
868,47012
869,153487
870,2224150
871,0
872,52177
873,311372
874,32116
875,2523913
876,3019890
877,143914
878,2924918
879,2319964
880,1801
881,10793
882,0
883,76121
884,0
885,401
886,169
887,0
888,4798177
889,221691
890,561396
891,186258
892,411190
893,54339
894,623143
895,197026
896,0
897,0
898,0
899,0
900,22608
901,509971
902,97665
903,1166
904,78703
905,0
906,0
907,0
908,0
909,0
910,0
911,180038
912,43044
913,502100
914,67074
915,0
916,31
917,0
918,0
919,0
920,0
921,0
922,0
923,0
924,0
925,17558
926,0
927,0
928,1068538
929,0
930,914985
931,12532
932,0
933,894437
934,0
935,0
936,0
937,920910
938,31835
939,0
940,1203139
941,0
942,0
943,0
944,965451
945,13111
946,0
947,0
948,485331
949,1912
950,0
951,0
952,32
953,0
954,0
955,0
956,0
957,3811
958,4607357
959,0
960,34585
961,9055
962,0
963,0
964,25
965,0
966,0
967,0
968,0
969,125030
970,0
971,280303
972,62669
973,8906
974,0
975,0
976,24
977,0
978,0
979,0
980,0
981,609512
982,0
983,0
984,5418928
985,15111
986,0
987,0
988,164088
989,0
990,0
991,4274128
992,4067756
993,9403505
994,591822
995,10399834
996,4099012
997,37212437
998,4363045
999,2676601
1000,2967389
1001,3204327
1002,12841689
1003,5221442
1004,6803096
1005,269882
1006,1396185
1007,693025
1008,11699066
1009,3273697
1010,15973932
1011,23233268
1012,12013327
1013,7841616
1014,34135965
1015,5447653
1016,2798979
1017,31854062
1018,16473992
1019,35715383
1020,33417807
1021,34357983
1022,34441935
1023,37514697
1024,40266553
1025,19248173
1026,24276605
1027,31238339
1028,33566772
1029,46431143
1030,5588677
1031,14092697
1032,22572797
1033,25338974
1034,11754290
1035,6259261
1036,37087874
1037,7108792
1038,50437076
1039,10966168
1040,5510495
1041,5720668
1042,3020560
1043,12126231
1044,25328043
1045,24703891
1046,56453993
1047,61066738
1048,60905203
1049,63986582
1050,51144024
1051,58162386
1052,50113021
1053,21106062
1054,30898876
1055,25136909
1056,60008798
1057,59787352
1058,16270932
1059,4695608
1060,1754812
1061,14226228
1062,64165773
1063,39279602
1064,5161823
1065,6959293
1066,10277008
1067,9177113
1068,9478194
1069,12641903
1070,4159657
1071,13649418
1072,57811280
1073,57231756
1074,62533487
1075,63165714
1076,47025475
1077,66795426
1078,64095925
1079,61252715
1080,65695121
1081,43563374
1082,26371871
1083,34583011
1084,35407138
1085,40553149
1086,26491316
1087,45359962
1088,11943576
1089,13646178
1090,8595255
1091,32215090
1092,41206066
1093,61644521
1094,11467167
1095,54831507
1096,51690054
1097,17134715
1098,25959722
1099,32640518
1100,29993967
1101,7544112
1102,48067209
1103,52531145
1104,65006241
1105,61912111
1106,35799254
1107,62008089
1108,14026245
1109,41260226
1110,27631304
1111,17471047
1112,10162771
1113,3964514
1114,6832205
1115,21011213
1116,39818141
1117,13990427
1118,7819664
1119,26672118
1120,21590602
1121,945529
1122,476586
1123,1093862
1124,9301720
1125,1237323
1126,7307906
1127,3700167
1128,601711
1129,9717342
1130,3979561
1131,513844
1132,733614
1133,34251
1134,620
1135,684488
1136,953439
1137,853466
1138,1560631
1139,1371878
1140,9411338
1141,2546674
1142,145926
1143,10203
1144,1466769
1145,2159633
1146,9369971
1147,110190
1148,7417277
1149,281491
1150,1090118
1151,245144
1152,177372
1153,8952142
1154,8163252
1155,17293122
1156,24417666
1157,14258164
1158,161377
1159,8709378
1160,913430
1161,9104083
1162,8698280
1163,8745667
1164,7644407
1165,1359889
1166,7124804
1167,104964
1168,712094
1169,574331
1170,234735
1171,788626
1172,49632
1173,339237
1174,2686307
1175,10572879
1176,2959254
1177,10366044
1178,216
1179,11639316
1180,9760173
1181,8764738
1182,4694240
1183,46363
1184,9173
1185,32010
1186,56659
1187,947251
1188,540723
1189,5249863
1190,1627990
1191,126
1192,191492
1193,19328158
1194,31433834
1195,4338134
1196,213159
1197,3365087
1198,0
1199,3880323
1200,8598251
1201,13499
1202,6260851
1203,68061
1204,113947
1205,236497
1206,44769
1207,22073
1208,155502
1209,176302
1210,122279
1211,0
1212,0
1213,10389
1214,0
1215,0
1216,49
1217,0
1218,0
1219,0
1220,0
1221,0
1222,0
1223,0
1224,0
1225,41931
1226,0
1227,0
1228,90
1229,0
1230,0
1231,0
1232,0
1233,0
1234,0
1235,0
1236,500308
1237,22274
1238,0
1239,0
1240,72
1241,0
1242,0
1243,0
1244,0
1245,0
1246,6092
1247,0
1248,48978
1249,16901
1250,0
1251,0
1252,27
1253,0
1254,0
1255,0
1256,0
1257,0
1258,0
1259,332938
1260,48217
1261,27664
1262,0
1263,0
1264,53
1265,0
1266,0
1267,0
1268,0
1269,0
1270,0
1271,0
1272,6044115
1273,51563
1274,0
1275,0
1276,9860984
1277,7757
1278,1052956
1279,0
1280,14544450
1281,14253170
1282,4849294
1283,11175475
1284,6337087
1285,19913454
1286,15583238
1287,671790
1288,20016
1289,1345523
1290,7780540
1291,12641
1292,3239
1293,183361
1294,18091324
1295,274662
1296,13877139
1297,14470056
1298,11547457
1299,3734462
1300,1567346
1301,4422946
1302,55294804
1303,58947635
1304,17684465
1305,17986021
1306,9918731
1307,2245798
1308,8839598
1309,45605980
1310,22391889
1311,25061995
1312,13023720
1313,35582106
1314,25291202
1315,60098881
1316,57232478
1317,32566012
1318,11571425
1319,5700757
1320,35409728
1321,52400974
1322,39741718
1323,7063149
1324,33459081
1325,20247595
1326,31883589
1327,13574539
1328,20463264
1329,1484733
1330,15924316
1331,6219107
1332,22563866
1333,8408108
1334,16052479
1335,9074244
1336,13626633
1337,51246063
1338,57632759
1339,61707753
1340,62180067
1341,61065084
1342,51216656
1343,62406765
1344,53045270
1345,56808151
1346,47245396
1347,42604317
1348,58104054
1349,47085822
1350,65356685
1351,61519957
1352,44394023
1353,61588905
1354,62511955
1355,35897352
1356,44009746
1357,62087114
1358,58772223
1359,62241663
1360,53144736
1361,37934356
1362,4073757
1363,49765740
1364,60687947
1365,58331451
1366,57042486
1367,62759820
1368,59005400
1369,6851715
1370,63569067
1371,59816827
1372,59698824
1373,60973662
1374,58872842
1375,49862057
1376,33349510
1377,32480964
1378,33943744
1379,33497401
1380,33465876
1381,33461687
1382,33486144
1383,32902220
1384,33461351
1385,33373221
1386,33505158
1387,35697190
1388,40399596
1389,60497510
1390,59968566
1391,46196019
1392,59434172
1393,42166750
1394,1207825
1395,3396176
1396,8017461
1397,293894
1398,1983139
1399,34445361
1400,11470275
1401,10681320
1402,34426098
1403,31521734
1404,34256531
1405,35810833
1406,23176192
1407,28921798
1408,36486887
1409,45991822
1410,43610260
1411,52943243
1412,47001257
1413,19763084
1414,30746784
1415,3973601
1416,6028688
1417,5449622
1418,13130967
1419,8271021
1420,33300727
1421,32944652
1422,33392152
1423,33031372
1424,23357558
1425,22257115
1426,1415
1427,11774716
1428,18704658
1429,2190729
1430,5238499
1431,3152296
1432,943306
1433,987851
1434,915081
1435,913278
1436,489923
1437,1063311
1438,1271348
1439,6535276
1440,0
1441,0
1442,0
1443,0
1444,0
1445,0
1446,0
1447,0
1448,0
1449,0
1450,0
1451,0
1452,0
1453,0
1454,0
1455,0
1456,0
1457,0
1458,0
1459,0
1460,0
1461,0
1462,0
1463,0
1464,0
1465,0
1466,0
1467,0
1468,0
1469,0
1470,0
1471,0
1472,0
1473,0
1474,0
1475,0
1476,0
1477,0
1478,0
1479,0
1480,0
1481,0
1482,0
1483,0
1484,0
1485,0
1486,0
1487,0
1488,0
1489,0
1490,0
1491,0
1492,0
1493,0
1494,0
1495,0
1496,0
1497,0
1498,0
1499,0
1500,0
1501,0
1502,0
1503,0
1504,0
1505,0
1506,0
1507,0
1508,0
1509,0
1510,0
1511,0
1512,0
1513,0
1514,0
1515,0
1516,0
1517,0
1518,0
1519,0
1520,0
1521,0
1522,0
1523,0
1524,0
1525,0
1526,0
1527,0
1528,0
1529,0
1530,0
1531,0
1532,0
1533,0
1534,0
1535,0
1536,0
1537,0
1538,0
1539,0
1540,0
1541,0
1542,0
1543,0
1544,0
1545,0
1546,0
1547,0
1548,0
1549,0
1550,0
1551,0
1552,0
1553,0
1554,0
1555,0
1556,0
1557,0
1558,0
1559,0
1560,0
1561,0
1562,0
1563,0
1564,0
1565,0
1566,0
1567,0
1568,0
1569,0
1570,0
1571,0
1572,0
1573,0
1574,0
1575,0
1576,0
1577,0
1578,0
1579,0
1580,0
1581,0
1582,0
1583,0
1584,0
1585,0
1586,0
1587,0
1588,0
1589,0
1590,0
1591,0
1592,0
1593,0
1594,0
1595,0
1596,0
1597,0
1598,0
1599,0
1600,0
1601,0
1602,0
1603,0
1604,0
1605,0
1606,0
1607,0
1608,0
1609,0
1610,0
1611,0
1612,0
1613,0
1614,0
1615,0
1616,0
1617,0
1618,0
1619,0
1620,0
1621,0
1622,0
1623,0
1624,0
1625,0
1626,0
1627,0
1628,0
1629,0
1630,0
1631,0
1632,0
1633,0
1634,0
1635,0
1636,0
1637,0
1638,0
1639,0
1640,0
1641,0
1642,0
1643,0
1644,0
1645,0
1646,0
1647,0
1648,0
1649,0
1650,0
1651,0
1652,0
1653,0
1654,0
1655,0
1656,0
1657,0
1658,0
1659,0
1660,0
1661,0
1662,0
1663,0
1664,0
1665,0
1666,0
1667,0
1668,0
1669,0
1670,0
1671,0
1672,0
1673,0
1674,0
1675,0
1676,0
1677,0
1678,0
1679,0
1680,0
1681,0
1682,0
1683,0
1684,0
1685,0
1686,0
1687,0
1688,0
1689,0
1690,0
1691,0
1692,0
1693,0
1694,0
1695,0
1696,0
1697,0
1698,0
1699,0
1700,0
1701,0
1702,0
1703,0
1704,0
1705,0
1706,0
1707,0
1708,0
1709,0
1710,0
1711,0
1712,0
1713,0
1714,0
1715,0
1716,0
1717,0
1718,0
1719,0
1720,0
1721,0
1722,0
1723,0
1724,0
1725,0
1726,0
1727,0
1728,0
1729,0
1730,0
1731,0
1732,0
1733,0
1734,0
1735,0
1736,0
1737,0
1738,0
1739,0
1740,0
1741,0
1742,0
1743,0
1744,0
1745,0
1746,0
1747,0
1748,0
1749,0
1750,0
1751,0
1752,0
1753,0
1754,0
1755,0
1756,0
1757,0
1758,0
1759,0
1760,0
1761,0
1762,0
1763,0
1764,0
1765,0
1766,0
1767,0
1768,0
1769,0
1770,0
1771,0
1772,0
1773,0
1774,0
1775,0
1776,0
1777,0
1778,0
1779,0
1780,0
1781,0
1782,0
1783,0
1784,0
1785,0
1786,0
1787,0
1788,0
1789,0
1790,0
1791,0
1792,0
1793,0
1794,0
1795,0
1796,0
1797,0
1798,0
1799,0
1800,0
1801,0
1802,0
1803,0
1804,0
1805,0
1806,0
1807,0
1808,0
1809,0
1810,0
1811,0
1812,0
1813,0
1814,0
1815,0
1816,0
1817,0
1818,0
1819,0
1820,0
1821,0
1822,0
1823,0
1824,0
1825,0
1826,0
1827,0
1828,0
1829,0
1830,0
1831,0
1832,0
1833,0
1834,0
1835,0
1836,0
1837,0
1838,0
1839,0
1840,0
1841,0
1842,0
1843,0
1844,0
1845,0
1846,0
1847,0
1848,0
1849,0
1850,0
1851,0
1852,0
1853,0
1854,0
1855,0
1856,0
1857,0
1858,0
1859,0
1860,0
1861,0
1862,0
1863,0
1864,0
1865,0
1866,0
1867,0
1868,0
1869,0
1870,0
1871,0
1872,0
1873,0
1874,0
1875,0
1876,0
1877,0
1878,0
1879,0
1880,0
1881,0
1882,0
1883,0
1884,0
1885,0
1886,0
1887,0
1888,0
1889,0
1890,0
1891,0
1892,0
1893,0
1894,0
1895,0
1896,0
1897,0
1898,0
1899,0
1900,0
1901,0
1902,0
1903,0
1904,0
1905,0
1906,0
1907,0
1908,0
1909,0
1910,0
1911,0
1912,0
1913,0
1914,0
1915,0
1916,0
1917,0
1918,0
1919,0
1920,0
1921,0
1922,0
1923,0
1924,0
1925,0
1926,0
1927,0
1928,0
1929,0
1930,0
1931,0
1932,0
1933,0
1934,0
1935,0
1936,0
1937,0
1938,0
1939,0
1940,0
1941,0
1942,0
1943,0
1944,0
1945,0
1946,0
1947,0
1948,0
1949,0
1950,0
1951,0
1952,0
1953,0
1954,0
1955,0
1956,0
1957,0
1958,0
1959,0
1960,0
1961,0
1962,0
1963,0
1964,0
1965,0
1966,0
1967,0
1968,0
1969,0
1970,0
1971,0
1972,0
1973,0
1974,0
1975,0
1976,0
1977,0
1978,0
1979,0
1980,0
1981,0
1982,0
1983,0
1984,0
1985,0
1986,0
1987,0
1988,0
1989,0
1990,0
1991,0
1992,0
1993,0
1994,0
1995,0
1996,0
1997,0
1998,0
1999,0
2000,0
2001,0
2002,0
2003,0
2004,0
2005,0
2006,0
2007,0
2008,0
2009,0
2010,0
2011,0
2012,0
2013,0
2014,0
2015,0
2016,3360656
2017,3229520
2018,1851
2019,54829
2020,58681
2021,0
2022,189069
2023,0
2024,0
2025,8397
2026,0
2027,0
2028,0
2029,84283
2030,45473
2031,4204582
2032,18
2033,0
2034,3240844
2035,2544840
2036,4233
2037,0
2038,37871
2039,20229
2040,16
2041,45180
2042,20708
2043,84019
2044,92318
2045,787422
2046,14194
2047,1617989
2048,1613931
2049,349920
2050,1391598
2051,1190198
2052,770285
2053,6201597
2054,3751339
2055,2325050
2056,6600000
2057,3426677
2058,175642
2059,260416
2060,726274
2061,585581
2062,2144
2063,0
2064,419959
2065,1960649
2066,308872
2067,948183
2068,90764
2069,327076
2070,24388
2071,13779
2072,0
2073,334677
2074,0
2075,1527953
2076,2468
2077,703506
2078,1724
2079,0
2080,30
2081,0
2082,16613
2083,0
2084,0
2085,6783
2086,48214
2087,547164
2088,253328
2089,259772
2090,297114
2091,359797
2092,670700
2093,36
2094,121
2095,4005
2096,21432
2097,0
2098,87565
2099,130
2100,471752
2101,9680
2102,0
2103,5553
2104,1272
2105,1211519
2106,334890
2107,321321
2108,2127347
2109,1345935
2110,1758456
2111,0
2112,899489
2113,14810
2114,14687
2115,0
2116,45
2117,0
2118,0
2119,0
2120,0
2121,0
2122,0
2123,196707
2124,31866
2125,194716
2126,0
2127,0
2128,21
2129,0
2130,0
2131,0
2132,0
2133,0
2134,0
2135,0
2136,4059172
2137,45804
2138,0
2139,0
2140,118
2141,0
2142,0
2143,0
2144,460764
2145,8530535
2146,1238709
2147,10626108
2148,3927181
2149,23775418
2150,7808505
2151,1985046
2152,33671271
2153,38971858
2154,20927386
2155,10292469
2156,17312020
2157,3723598
2158,2500725
2159,797135
2160,5051926
2161,16852291
2162,9572574
2163,22164849
2164,15840880
2165,11156155
2166,24370321
2167,50912891
2168,10316809
2169,6327646
2170,13879227
2171,28740506
2172,24039323
2173,25452361
2174,37165776
2175,43709586
2176,41815816
2177,55758738
2178,44352372
2179,60646783
2180,50279300
2181,58216205
2182,60298383
2183,35890081
2184,34603734
2185,48419574
2186,49219930
2187,62729125
2188,51335310
2189,40828605
2190,50145732
2191,60702042
2192,57295276
2193,60579290
2194,59411342
2195,58642275
2196,51631747
2197,58936582
2198,49564181
2199,50777679
2200,41018626
2201,55113171
2202,43828880
2203,26515340
2204,33136194
2205,33223012
2206,33449049
2207,28466501
2208,33478080
2209,33388611
2210,32706166
2211,33432954
2212,33238115
2213,33055030
2214,33470554
2215,33295148
2216,50637524
2217,53784987
2218,38568210
2219,61198854
2220,68329321
2221,38094267
2222,9790520
2223,12078538
2224,21140559
2225,1994609
2226,979002
2227,17661780
2228,13406213
2229,9785039
2230,16811058
2231,3749093
2232,53332445
2233,30894581
2234,45478102
2235,52116342
2236,55716434
2237,55277046
2238,33128386
2239,37365902
2240,53263665
2241,59092407
2242,58766041
2243,63989543
2244,58392464
2245,57575548
2246,63919376
2247,57078235
2248,60039004
2249,49163562
2250,61088766
2251,49725780
2252,62688148
2253,52986378
2254,63269758
2255,58733044
2256,59163158
2257,60502008
2258,80025234
2259,118920590
2260,113523236
2261,120549882
2262,121218067
2263,71350374
2264,72548422
2265,88972016
2266,113027860
2267,119011732
2268,118060527
2269,119160772
2270,56720998
2271,56439665
2272,45381329
2273,50632014
2274,42380967
2275,11653304
2276,45847020
2277,70411778
2278,75216860
2279,37254230
2280,2755212
2281,1208408
2282,21758478
2283,13357677
2284,686916
2285,4960768
2286,3284280
2287,5897003
2288,350227
2289,357824
2290,4273488
2291,9022463
2292,27560848
2293,21588854
2294,16246228
2295,4118654
2296,25946726
2297,26235036
2298,16849848
2299,21694650
2300,1055482
2301,11431818
2302,5244892
2303,17489835
2304,9077045
2305,121118
2306,309137
2307,34195
2308,1474674
2309,436716
2310,442886
2311,485391
2312,1702125
2313,1530510
2314,371420
2315,351345
2316,349379
2317,205352
2318,200544
2319,584326
2320,478559
2321,4566320
2322,608196
2323,458448
2324,3626
2325,2635
2326,4762472
2327,4788579
2328,2173738
2329,263323
2330,7553905
2331,2132914
2332,2213430
2333,36305
2334,330936
2335,1664890
2336,538692
2337,3164594
2338,4708068
2339,65720
2340,152458
2341,8456
2342,1146489
2343,17540031
2344,15422986
2345,16761507
2346,7074243
2347,25342787
2348,13380183
2349,9618691
2350,8863447
2351,6512037
2352,6434280
2353,10230939
2354,206142
2355,3679612
2356,5098454
2357,23058617
2358,4530044
2359,2832320
2360,1289112
2361,257801
2362,1650868
2363,266777
2364,399050
2365,9417
2366,0
2367,1696
2368,2145700
2369,789
2370,1132
2371,2997925
2372,899212
2373,0
2374,0
2375,0
2376,0
2377,13297
2378,668544
2379,0
2380,19
2381,18712
2382,417328
2383,25160
2384,9219
2385,0
2386,0
2387,0
2388,0
2389,416310
2390,0
2391,0
2392,33
2393,0
2394,0
2395,0
2396,0
2397,3468
2398,0
2399,712348
2400,0
2401,51298
2402,0
2403,0
2404,27
2405,0
2406,0
2407,0
2408,0
2409,0
2410,0
2411,368177
2412,0
2413,178259
2414,235648
2415,0
2416,27
2417,73806
2418,0
2419,0
2420,0
2421,0
2422,0
2423,0
2424,4805547
2425,323823
2426,0
2427,0
2428,440
2429,768
2430,97
2431,0
2432,0
2433,6957906
2434,248235
2435,12312069
2436,4637509
2437,14338633
2438,20222168
2439,1484348
2440,271992
2441,140429
2442,8770672
2443,0
2444,666070
2445,935800
2446,1123688
2447,510172
2448,22306518
2449,16519712
2450,2920028
2451,35034210
2452,52427550
2453,15522162
2454,48240311
2455,43579886
2456,54330265
2457,45609363
2458,41185390
2459,15042258
2460,8913362
2461,21855814
2462,47672515
2463,31387928
2464,13664725
2465,32076570
2466,8553938
2467,4724602
2468,15167584
2469,16246847
2470,11405664
2471,36119054
2472,37797552
2473,48009636
2474,46379407
2475,22652053
2476,10257178
2477,20432105
2478,33306396
2479,24689497
2480,14018229
2481,7767711
2482,14746841
2483,10418111
2484,29337727
2485,32538368
2486,30062295
2487,30269363
2488,15309511
2489,23187520
2490,4818379
2491,14067880
2492,4662929
2493,28216802
2494,54641053
2495,22248295
2496,24776412
2497,15652643
2498,9664947
2499,19614983
2500,45648139
2501,21800513
2502,24156178
2503,14535196
2504,18420595
2505,14242927
2506,26449600
2507,21272719
2508,15374338
2509,10756823
2510,11477683
2511,19589306
2512,12223338
2513,60506079
2514,6429579
2515,9675521
2516,31563669
2517,8261149
2518,8349551
2519,15889471
2520,23022504
2521,1983616
2522,2163060
2523,3795472
2524,8120921
2525,3433998
2526,20660040
2527,23478304
2528,10030324
2529,9559721
2530,9236676
2531,6174751
2532,17546009
2533,15343430
2534,11945662
2535,10115470
2536,21349186
2537,18651618
2538,23209359
2539,57849967
2540,53201833
2541,63091887
2542,64000166
2543,55378554
2544,46815861
2545,53126521
2546,7274706
2547,20100259
2548,51355444
2549,34416238
2550,5280618
2551,19122431
2552,59290892
2553,54295757
2554,53892542
2555,64342070
2556,58107451
2557,63523467
2558,62043769
2559,62435097
2560,54197688
2561,9314881
2562,9660266
2563,1546505
2564,19320911
2565,9447300
2566,36793581
2567,43682270
2568,29573905
2569,26700195
2570,1016320
2571,22866994
2572,22637809
2573,14679948
2574,4186691
2575,17636780
2576,19373827
2577,22665177
2578,23898042
2579,25208679
2580,28440042
2581,29085490
2582,24821075
2583,5504613
2584,13759975
2585,19977969
2586,23124931
2587,23257024
2588,16612651
2589,24519166
2590,23963687
2591,30201068
2592,36122066
2593,29510266
2594,341277
2595,2724115
2596,1055957
2597,590
2598,12266842
2599,15355491
2600,26856280
2601,16138050
2602,8484317
2603,17335044
2604,398201
2605,3781926
2606,152967
2607,67971
2608,94218
2609,0
2610,13940858
2611,20701720
2612,29977849
2613,12336502
2614,1920897
2615,15013062
2616,13406954
2617,27443548
2618,8688621
2619,2816801
2620,16
2621,0
2622,3947
2623,791
2624,0
2625,0
2626,0
2627,61075
2628,293363
2629,81430
2630,1458
2631,955
2632,488863
2633,40284
2634,0
2635,0
2636,60447
2637,320
2638,718
2639,171615
2640,5526
2641,8499
2642,0
2643,0
2644,15
2645,0
2646,0
2647,0
2648,0
2649,0
2650,0
2651,0
2652,0
2653,12543
2654,0
2655,0
2656,16
2657,0
2658,0
2659,0
2660,0
2661,0
2662,14663
2663,68153
2664,259258
2665,142884
2666,43644
2667,498582
2668,412499
2669,944118
2670,0
2671,393770
2672,0
2673,0
2674,0
2675,0
2676,490463
2677,12951
2678,0
2679,0
2680,79
2681,0
2682,0
2683,0
2684,0
2685,4841
2686,0
2687,0
2688,35712
2689,12663
2690,0
2691,0
2692,35
2693,0
2694,0
2695,0
2696,0
2697,0
2698,0
2699,353253
2700,39491
2701,8704
2702,0
2703,0
2704,27
2705,0
2706,403
2707,0
2708,0
2709,0
2710,0
2711,0
2712,4514248
2713,12504
2714,176048
2715,0
2716,385447
2717,3159141
2718,0
2719,1258
2720,0
2721,7130206
2722,244698
2723,11790524
2724,3931484
2725,1712172
2726,31426913
2727,3011108
2728,27172
2729,30589
2730,7841507
2731,786522
2732,199333
2733,1659
2734,332885
2735,8942882
2736,25806173
2737,10667080
2738,2909268
2739,1767846
2740,18860509
2741,14707868
2742,42463219
2743,27774461
2744,3314467
2745,8501595
2746,13851479
2747,3371311
2748,6179297
2749,18989778
2750,45394313
2751,45313221
2752,44534063
2753,49890363
2754,75601535
2755,117862909
2756,115344858
2757,122328073
2758,135999904
2759,139767135
2760,128777957
2761,136055427
2762,137731761
2763,141855718
2764,147425788
2765,142251635
2766,148543194
2767,135073101
2768,136766977
2769,132678343
2770,169183012
2771,172374108
2772,177213373
2773,175395739
2774,18432518
2775,24658744
2776,50425376
2777,64900745
2778,28714831
2779,11805850
2780,14529489
2781,17632245
2782,4233323
2783,26296837
2784,18854607
2785,2266460
2786,16580098
2787,21186208
2788,31005804
2789,20811865
2790,16284760
2791,1212236
2792,3270611
2793,11537265
2794,9468169
2795,23567537
2796,26314098
2797,1731297
2798,3434207
2799,6177193
2800,38605778
2801,16163159
2802,35283351
2803,13181089
2804,16742496
2805,12743787
2806,31756701
2807,32092519
2808,34416818
2809,12860587
2810,3009476
2811,5646621
2812,14937920
2813,7954126
2814,4620151
2815,7137729
2816,2980203
2817,5581240
2818,7389689
2819,22927975
2820,61433091
2821,36420499
2822,37711464
2823,20629515
2824,7648488
2825,9577926
2826,8697918
2827,46217163
2828,11079899
2829,46549918
2830,65702595
2831,58681969
2832,57787957
2833,27821532
2834,47296570
2835,65721809
2836,25622435
2837,24911959
2838,42069848
2839,32509446
2840,24795883
2841,29113927
2842,35778125
2843,20879848
2844,57946143
2845,30415260
2846,11284209
2847,31027416
2848,68821333
2849,66569424
2850,56297596
2851,59031599
2852,62493926
2853,65951791
2854,64862270
2855,56423186
2856,37161169
2857,32053943
2858,28243835
2859,28300374
2860,29867412
2861,30230186
2862,30962714
2863,28111394
2864,26659553
2865,27059663
2866,29023331
2867,33502624
2868,28391430
2869,28164422
2870,29862593
2871,33562529
2872,31223895
2873,29584630
2874,32381400
2875,32557580
2876,30500990
2877,31648445
2878,33035283
2879,32713182
2880,32871824
2881,33146448
2882,32964322
2883,33107683
2884,29056846
2885,28707465
2886,30576780
2887,33102361
2888,30369831
2889,32108739
2890,29752227
2891,22711615
2892,21516982
2893,14495488
2894,20596704
2895,17252905
2896,11560405
2897,27046804
2898,37968964
2899,39641636
2900,44420596
2901,46741598
2902,44580715
2903,46832344
2904,47332168
2905,44734118
2906,42549647
2907,43307169
2908,44090163
2909,45927776
2910,45871824
2911,37486158
2912,29200188
2913,32659486
2914,43267810
2915,69215583
2916,69304842
2917,69136573
2918,64895183
2919,66077392
2920,68311829
2921,69192914
2922,68320384
2923,69342510
2924,69338181
2925,69297044
2926,69338640
2927,69224797
2928,69340272
2929,69334535
2930,69343591
2931,67857564
2932,69201255
2933,69170009
2934,69068444
2935,68568816
2936,69079806
2937,69048731
2938,69153561
2939,68895456
2940,69130994
2941,68897227
2942,68892636
2943,69337911
2944,69335588
2945,69331342
2946,69332765
2947,69329145
2948,69331835
2949,69344499
2950,69230504
2951,69346924
2952,69042459
2953,69112493
2954,69200608
2955,69340745
2956,69295089
2957,69346494
2958,69114194
2959,69325180
2960,69341275
2961,69332989
2962,69325646
2963,69342638
2964,69304445
2965,66128048
2966,68960344
2967,69342383
2968,69200931
2969,55456540
2970,55539679
2971,55537249
2972,55543534
2973,55317102
2974,54914120
2975,55544060
2976,55538368
2977,55534860
2978,55530987
2979,55546583
2980,55544412
2981,55554009
2982,51155871
2983,49259745
2984,49063410
2985,46286194
2986,32804292
2987,237565
2988,26046
2989,215740
2990,0
2991,0
2992,21
2993,0
2994,0
2995,0
2996,0
2997,0
2998,0
2999,0
3000,5035711
3001,32645
3002,21208
3003,5709
3004,7365
3005,4161
3006,8839
3007,984
3008,0
3009,7185214
3010,721437
3011,12108386
3012,5764336
3013,53688680
3014,99251558
3015,86875470
3016,41958065
3017,63944095
3018,57742071
3019,68867309
3020,85152106
3021,33924457
3022,6319937
3023,1498015
3024,18995325
3025,14532724
3026,12458872
3027,69941799
3028,62468464
3029,25741686
3030,61804149
3031,86917547
3032,68303607
3033,80406424
3034,80977766
3035,49673785
3036,34846430
3037,48402203
3038,75844732
3039,83054199
3040,78438927
3041,78806328
3042,79248389
3043,57975461
3044,50065814
3045,37663311
3046,61659107
3047,72977072
3048,66614900
3049,68342863
3050,73073860
3051,61623165
3052,55737074
3053,48468222
3054,46995677
3055,49440861
3056,57747651
3057,25957201
3058,43187656
3059,37873485
3060,40721727
3061,34572086
3062,33280458
3063,4319475
3064,17577204
3065,10591341
3066,13249189
3067,9573617
3068,15722391
3069,17903198
3070,8638724
3071,3458163
3072,16593716
3073,19279382
3074,41333179
3075,17721484
3076,16942649
3077,34973891
3078,8252744
3079,21492670
3080,27854346
3081,7673960
3082,10331492
3083,16358609
3084,5653877
3085,19738697
3086,39292120
3087,28608272
3088,62440635
3089,28615385
3090,3277638
3091,19953067
3092,30423965
3093,14214149
3094,336651
3095,21152581
3096,43770877
3097,24995138
3098,40732678
3099,7642494
3100,35425858
3101,37552119
3102,29571321
3103,28035585
3104,87371935
3105,26596839
3106,9836186
3107,9276996
3108,21602817
3109,18340912
3110,4912189
3111,2301041
3112,7295699
3113,3987221
3114,7521513
3115,21341486
3116,753221
3117,2612288
3118,17420698
3119,27489359
3120,6938673
3121,4237996
3122,31897769
3123,88514055
3124,95456605
3125,94756194
3126,76977713
3127,57222156
3128,38964256
3129,4585631
3130,14992753
3131,4064257
3132,8903334
3133,12686122
3134,9551419
3135,40018162
3136,31481493
3137,37675123
3138,54338510
3139,42368402
3140,27710164
3141,14181723
3142,48129560
3143,26905607
3144,33245163
3145,31131933
3146,32517142
3147,29964028
3148,33300949
3149,30550872
3150,33233648
3151,33261943
3152,33302275
3153,33314941
3154,31963526
3155,31068999
3156,32900506
3157,31887512
3158,29759442
3159,32676136
3160,30216513
3161,30863496
3162,32949443
3163,30765470
3164,32783185
3165,30057835
3166,32018670
3167,24538167
3168,30505913
3169,32749142
3170,32586919
3171,24965506
3172,23798602
3173,19455586
3174,18349445
3175,13002239
3176,12574630
3177,18057525
3178,15059967
3179,32550261
3180,28542242
3181,16566971
3182,21725252
3183,26267243
3184,11359213
3185,13891998
3186,33487995
3187,24803232
3188,11227577
3189,11731697
3190,27408867
3191,33355104
3192,26712215
3193,19900252
3194,26366383
3195,30141593
3196,26232615
3197,33385068
3198,33363236
3199,33548902
3200,28096381
3201,9937117
3202,9219703
3203,11176710
3204,7951569
3205,6595510
3206,5836703
3207,5962486
3208,6302861
3209,6252014
3210,7074858
3211,6945306
3212,6427071
3213,6129967
3214,5977383
3215,5943879
3216,70216
3217,8874
3218,0
3219,0
3220,566192
3221,0
3222,169450
3223,190372
3224,2035095
3225,782521
3226,769738
3227,3484134
3228,2738440
3229,479301
3230,3907276
3231,0
3232,150
3233,0
3234,0
3235,0
3236,19103
3237,0
3238,0
3239,0
3240,0
3241,70210
3242,0
3243,0
3244,39
3245,0
3246,0
3247,0
3248,20344
3249,0
3250,0
3251,0
3252,499385
3253,12948
3254,0
3255,0
3256,35
3257,0
3258,0
3259,0
3260,21157
3261,5346
3262,0
3263,0
3264,35258
3265,10596
3266,0
3267,0
3268,153
3269,0
3270,0
3271,0
3272,17069
3273,0
3274,0
3275,0
3276,40221
3277,285567
3278,0
3279,0
3280,75
3281,0
3282,0
3283,0
3284,29834
3285,0
3286,0
3287,873508
3288,7847366
3289,13910
3290,0
3291,0
3292,32
3293,0
3294,0
3295,0
3296,16668
3297,6935824
3298,197544
3299,11084998
3300,4244366
3301,37636188
3302,1478774
3303,552674
3304,25
3305,7618398
3306,41460503
3307,0
3308,18363
3309,3122621
3310,73255
3311,5508092
3312,48909304
3313,57764436
3314,49597234
3315,49497660
3316,51137643
3317,52338016
3318,51798021
3319,59888352
3320,65391820
3321,47276086
3322,57741457
3323,39329284
3324,35810046
3325,34942573
3326,36159098
3327,34085916
3328,51125558
3329,59762473
3330,60807153
3331,60544518
3332,62270935
3333,60511730
3334,49553571
3335,38975020
3336,32520749
3337,35055929
3338,61762599
3339,56995110
3340,31963122
3341,16210405
3342,36933489
3343,35579790
3344,49488024
3345,46132725
3346,55456783
3347,47886108
3348,57701878
3349,46174483
3350,52815720
3351,41623136
3352,29678176
3353,27436200
3354,30715632
3355,14001601
3356,7290688
3357,14076288
3358,37354220
3359,32661662
3360,21643375
3361,10526280
3362,32396142
3363,42629321
3364,21413593
3365,26126280
3366,36212451
3367,47241635
3368,23199997
3369,17707695
3370,7322875
3371,26429307
3372,23267423
3373,26699398
3374,36222992
3375,25710443
3376,37667196
3377,30318714
3378,29857632
3379,31933089
3380,14855780
3381,32017869
3382,18067660
3383,49270376
3384,35347889
3385,47688515
3386,45218875
3387,14098951
3388,49038539
3389,44244310
3390,11275263
3391,14626268
3392,35231145
3393,14381169
3394,7907460
3395,52129516
3396,15346864
3397,17249193
3398,9490014
3399,21449608
3400,50008259
3401,35492801
3402,8288690
3403,26909704
3404,34171730
3405,19172998
3406,26405998
3407,5136254
3408,8276201
3409,9566995
3410,24273180
3411,16085207
3412,5959948
3413,3435921
3414,2492770
3415,2588288
3416,25924681
3417,12724468
3418,7442109
3419,15056317
3420,21835138
3421,3056129
3422,12073808
3423,6276600
3424,16075251
3425,20376084
3426,15964477
3427,410540
3428,4289375
3429,361889
3430,5790127
3431,16320788
3432,6834662
3433,16746373
3434,5165923
3435,18986275
3436,854284
3437,6110832
3438,22953
3439,19704570
3440,7521534
3441,6916858
3442,5615328
3443,285530
3444,1019783
3445,739713
3446,126342
3447,11365139
3448,18952248
3449,832588
3450,3038108
3451,660236
3452,781703
3453,474587
3454,18
3455,19
3456,0
3457,0
3458,0
3459,0
3460,0
3461,0
3462,0
3463,0
3464,0
3465,0
3466,0
3467,0
3468,0
3469,0
3470,0
3471,0
3472,0
3473,0
3474,0
3475,0
3476,0
3477,0
3478,0
3479,0
3480,0
3481,0
3482,0
3483,0
3484,0
3485,0
3486,0
3487,0
3488,0
3489,0
3490,0
3491,0
3492,0
3493,0
3494,0
3495,0
3496,0
3497,0
3498,0
3499,0
3500,0
3501,0
3502,0
3503,0
3504,0
3505,0
3506,0
3507,0
3508,0
3509,0
3510,0
3511,0
3512,0
3513,0
3514,0
3515,0
3516,0
3517,0
3518,0
3519,0
3520,0
3521,0
3522,0
3523,0
3524,0
3525,0
3526,0
3527,0
3528,0
3529,0
3530,0
3531,0
3532,0
3533,0
3534,0
3535,0
3536,0
3537,0
3538,0
3539,0
3540,0
3541,0
3542,0
3543,0
3544,0
3545,0
3546,0
3547,0
3548,0
3549,0
3550,0
3551,0
3552,0
3553,0
3554,0
3555,0
3556,0
3557,0
3558,0
3559,0
3560,0
3561,0
3562,0
3563,0
3564,0
3565,0
3566,0
3567,0
3568,0
3569,0
3570,0
3571,0
3572,0
3573,0
3574,0
3575,0
3576,0
3577,0
3578,0
3579,0
3580,0
3581,0
3582,0
3583,0
3584,0
3585,0
3586,0
3587,0
3588,0
3589,0
3590,0
3591,0
3592,0
3593,0
3594,0
3595,0
3596,0
3597,0
3598,0
3599,0
3600,0
3601,0
3602,0
3603,0
3604,0
3605,0
3606,0
3607,0
3608,0
3609,0
3610,0
3611,0
3612,0
3613,0
3614,0
3615,0
3616,0
3617,0
3618,0
3619,0
3620,0
3621,0
3622,0
3623,0
3624,0
3625,0
3626,0
3627,0
3628,0
3629,0
3630,0
3631,0
3632,0
3633,0
3634,0
3635,0
3636,0
3637,0
3638,0
3639,0
3640,0
3641,0
3642,0
3643,0
3644,0
3645,0
3646,0
3647,0
3648,0
3649,0
3650,0
3651,0
3652,0
3653,0
3654,0
3655,0
3656,0
3657,0
3658,0
3659,0
3660,0
3661,0
3662,0
3663,0
3664,0
3665,0
3666,0
3667,0
3668,0
3669,0
3670,0
3671,0
3672,0
3673,0
3674,0
3675,0
3676,0
3677,0
3678,0
3679,0
3680,0
3681,0
3682,0
3683,0
3684,0
3685,0
3686,0
3687,0
3688,0
3689,0
3690,0
3691,0
3692,0
3693,0
3694,0
3695,0
3696,0
3697,0
3698,0
3699,0
3700,0
3701,0
3702,0
3703,0
3704,0
3705,0
3706,0
3707,0
3708,0
3709,0
3710,0
3711,0
3712,0
3713,0
3714,0
3715,0
3716,0
3717,0
3718,0
3719,0
3720,0
3721,0
3722,0
3723,0
3724,0
3725,0
3726,0
3727,0
3728,0
3729,0
3730,0
3731,0
3732,0
3733,0
3734,0
3735,0
3736,0
3737,0
3738,0
3739,0
3740,0
3741,0
3742,0
3743,0
3744,0
3745,0
3746,0
3747,0
3748,0
3749,0
3750,0
3751,0
3752,0
3753,0
3754,0
3755,0
3756,0
3757,0
3758,0
3759,0
3760,0
3761,0
3762,0
3763,0
3764,0
3765,0
3766,0
3767,0
3768,0
3769,0
3770,0
3771,0
3772,0
3773,0
3774,0
3775,0
3776,0
3777,0
3778,0
3779,0
3780,0
3781,0
3782,0
3783,0
3784,0
3785,0
3786,0
3787,0
3788,0
3789,0
3790,0
3791,0
3792,0
3793,0
3794,0
3795,0
3796,0
3797,0
3798,0
3799,0
3800,0
3801,0
3802,0
3803,0
3804,0
3805,0
3806,0
3807,0
3808,0
3809,0
3810,0
3811,0
3812,0
3813,0
3814,0
3815,0
3816,0
3817,0
3818,0
3819,0
3820,0
3821,0
3822,0
3823,0
3824,0
3825,0
3826,0
3827,0
3828,0
3829,0
3830,0
3831,0
3832,0
3833,0
3834,0
3835,0
3836,0
3837,0
3838,0
3839,0
3840,0
3841,0
3842,0
3843,0
3844,0
3845,0
3846,0
3847,0
3848,0
3849,0
3850,0
3851,0
3852,0
3853,0
3854,0
3855,0
3856,0
3857,0
3858,0
3859,0
3860,0
3861,0
3862,0
3863,0
3864,0
3865,0
3866,0
3867,0
3868,0
3869,0
3870,0
3871,0
3872,0
3873,0
3874,0
3875,0
3876,0
3877,0
3878,0
3879,0
3880,0
3881,0
3882,0
3883,0
3884,0
3885,0
3886,0
3887,0
3888,0
3889,0
3890,0
3891,0
3892,0
3893,0
3894,0
3895,0
3896,0
3897,0
3898,0
3899,0
3900,0
3901,0
3902,0
3903,0
3904,0
3905,0
3906,0
3907,0
3908,0
3909,0
3910,0
3911,0
3912,0
3913,0
3914,0
3915,0
3916,0
3917,0
3918,0
3919,0
3920,0
3921,0
3922,0
3923,0
3924,0
3925,0
3926,0
3927,0
3928,0
3929,0
3930,0
3931,0
3932,0
3933,0
3934,0
3935,0
3936,0
3937,0
3938,0
3939,0
3940,0
3941,0
3942,0
3943,0
3944,0
3945,0
3946,0
3947,0
3948,0
3949,0
3950,0
3951,0
3952,0
3953,0
3954,0
3955,0
3956,0
3957,0
3958,0
3959,0
3960,0
3961,0
3962,0
3963,0
3964,0
3965,0
3966,0
3967,0
3968,0
3969,0
3970,0
3971,0
3972,0
3973,0
3974,0
3975,0
3976,0
3977,0
3978,0
3979,0
3980,0
3981,0
3982,0
3983,0
3984,0
3985,0
3986,0
3987,0
3988,0
3989,0
3990,0
3991,0
3992,0
3993,0
3994,0
3995,0
3996,0
3997,0
3998,0
3999,0
4000,0
4001,0
4002,0
4003,0
4004,0
4005,0
4006,0
4007,0
4008,0
4009,0
4010,0
4011,0
4012,0
4013,0
4014,0
4015,0
4016,0
4017,0
4018,0
4019,0
4020,0
4021,0
4022,0
4023,0
4024,0
4025,0
4026,0
4027,0
4028,0
4029,0
4030,0
4031,0
4032,4341170
4033,10283
4034,2439953
4035,1432259
4036,870985
4037,0
4038,2298626
4039,412151
4040,17194387
4041,539158
4042,2888478
4043,7143511
4044,2988566
4045,2688858
4046,4442824
4047,4482300
4048,5772588
4049,14934920
4050,513417
4051,366732
4052,13349
4053,2137
4054,2752
4055,3015492
4056,3371898
4057,8732
4058,0
4059,0
4060,415793
4061,1555
4062,0
4063,0
4064,1103321
4065,4397
4066,0
4067,0
4068,679325
4069,5715
4070,0
4071,0
4072,26
4073,261521
4074,0
4075,0
4076,549876
4077,377443
4078,3418760
4079,157347
4080,240125
4081,393430
4082,25
4083,3442106
4084,26
4085,0
4086,3675149
4087,1807145
4088,16329
4089,248323
4090,0
4091,257801
4092,1591774
4093,5739
4094,0
4095,0
4096,5080554
4097,0
4098,1194677
4099,1179456
4100,2291028
4101,2340516
4102,4723825
4103,1834082
4104,84143
4105,8010
4106,6260032
4107,3046768
4108,5210532
4109,5700629
4110,2874312
4111,99644
4112,14743
4113,84556
4114,0
4115,4434
4116,398366
4117,12651
4118,0
4119,0
4120,16
4121,9
4122,799013
4123,0
4124,15189
4125,2411
4126,0
4127,0
4128,44784
4129,11781
4130,0
4131,0
4132,52
4133,0
4134,0
4135,0
4136,23026
4137,0
4138,0
4139,0
4140,39910
4141,13519
4142,0
4143,0
4144,15
4145,0
4146,0
4147,0
4148,13852
4149,0
4150,0
4151,0
4152,6556915
4153,10391
4154,0
4155,0
4156,21
4157,0
4158,0
4159,0
4160,18366
4161,7273349
4162,242186
4163,10807274
4164,9176943
4165,38150985
4166,6130830
4167,640545
4168,4134667
4169,10897510
4170,14297144
4171,6780013
4172,3805963
4173,2513027
4174,3223324
4175,1604968
4176,7791492
4177,17145834
4178,9831416
4179,5876756
4180,13997880
4181,15925049
4182,9098205
4183,35803472
4184,40773000
4185,18278577
4186,18697470
4187,6006023
4188,25498149
4189,28882358
4190,48519702
4191,54212597
4192,66445798
4193,72807923
4194,34754058
4195,47602216
4196,37251415
4197,30368507
4198,34821475
4199,8242485
4200,16023680
4201,37479438
4202,53481297
4203,49997601
4204,53878594
4205,57736423
4206,38734343
4207,44076951
4208,41268141
4209,18552672
4210,14082068
4211,28838368
4212,20549656
4213,23838419
4214,37958791
4215,31998973
4216,10772808
4217,17964979
4218,10263173
4219,13605045
4220,28625140
4221,36512373
4222,33257330
4223,29712993
4224,28411813
4225,15090274
4226,8150542
4227,16030440
4228,8890033
4229,7110494
4230,1569907
4231,5507591
4232,2292534
4233,10454606
4234,40515135
4235,40101563
4236,48066169
4237,1215333
4238,9753368
4239,13602715
4240,32205059
4241,14033945
4242,13458264
4243,9991469
4244,23751875
4245,21948606
4246,20302427
4247,15932156
4248,27875136
4249,13321714
4250,25118892
4251,33448644
4252,31002579
4253,9434742
4254,18135082
4255,22666713
4256,17155525
4257,21582896
4258,15012690
4259,28674100
4260,16811266
4261,13720261
4262,17371849
4263,17757584
4264,17127670
4265,20468456
4266,17825125
4267,28438482
4268,25983336
4269,63221614
4270,103670902
4271,103953680
4272,39526802
4273,32097423
4274,49323475
4275,57903662
4276,40792076
4277,14700120
4278,11331992
4279,29686728
4280,16025035
4281,17095395
4282,35851280
4283,11109215
4284,34357393
4285,14788535
4286,26523495
4287,43404882
4288,38114716
4289,8835399
4290,5664069
4291,10309759
4292,3603795
4293,5375246
4294,3188178
4295,1764851
4296,2066700
4297,908469
4298,1407479
4299,7234387
4300,3451375
4301,8026431
4302,10782257
4303,12306829
4304,19504852
4305,492895
4306,0
4307,0
4308,13671
4309,15086319
4310,23690235
4311,178540
4312,328905
4313,856278
4314,260024
4315,2359
4316,324049
4317,1168544
4318,23260
4319,85253
4320,147037
4321,13522
4322,0
4323,487
4324,35636
4325,0
4326,0
4327,0
4328,674393
4329,0
4330,0
4331,62932
4332,0
4333,693855
4334,95713
4335,228460
4336,59
4337,114475
4338,302196
4339,0
4340,17703
4341,0
4342,43
4343,0
4344,1142
4345,518668
4346,163261
4347,59798
4348,22
4349,247132
4350,165275
4351,48853
4352,450265
4353,0
4354,0
4355,0
4356,0
4357,11379
4358,0
4359,0
4360,38
4361,0
4362,0
4363,0
4364,27701
4365,0
4366,0
4367,0
4368,14566431
4369,5487752
4370,9788423
4371,0
4372,10242738
4373,6853644
4374,0
4375,0
4376,16000
4377,0
4378,0
4379,0
4380,0
4381,9244
4382,0
4383,0
4384,97
4385,0
4386,0
4387,0
4388,17919
4389,0
4390,0
4391,0
4392,0
4393,9405
4394,39586
4395,0
4396,18
4397,0
4398,0
4399,0
4400,13572
4401,0
4402,0
4403,0
4404,0
4405,455339
4406,0
4407,0
4408,17
4409,0
4410,0
4411,0
4412,16454
4413,3144
4414,0
4415,619182
4416,0
4417,12902
4418,37865
4419,0
4420,14
4421,0
4422,0
4423,0
4424,16584
4425,0
4426,0
4427,0
4428,35757
4429,8748
4430,0
4431,0
4432,44
4433,0
4434,0
4435,0
4436,42160
4437,0
4438,0
4439,0
4440,5613049
4441,121191
4442,9598
4443,0
4444,24
4445,0
4446,0
4447,30
4448,18939
4449,7247837
4450,517093
4451,11939021
4452,4761118
4453,36471662
4454,2416833
4455,601602
4456,46
4457,1790
4458,7756144
4459,273622
4460,36981
4461,134899
4462,10411
4463,195479
4464,12115424
4465,12342029
4466,7087032
4467,21875270
4468,10474902
4469,16910199
4470,35114153
4471,48032111
4472,25307967
4473,23615597
4474,15125472
4475,7728367
4476,12785263
4477,34316293
4478,43050343
4479,38099280
4480,32789826
4481,18635955
4482,52330326
4483,58341514
4484,20701968
4485,17979630
4486,35829753
4487,7910912
4488,34295603
4489,40440357
4490,48096657
4491,46011297
4492,31062193
4493,15896217
4494,33080295
4495,11982544
4496,27444151
4497,17523774
4498,3342215
4499,16072444
4500,15166247
4501,15965008
4502,11893672
4503,27538629
4504,8278909
4505,20427867
4506,38469042
4507,3091554
4508,22184254
4509,2817206
4510,19589518
4511,8239294
4512,10599983
4513,20848108
4514,40591803
4515,9670908
4516,7913863
4517,6773643
4518,2980902
4519,1090196
4520,8413764
4521,6231406
4522,4789508
4523,3704578
4524,9840041
4525,14309830
4526,14864563
4527,8705844
4528,15095306
4529,8454805
4530,13197235
4531,19582515
4532,15643025
4533,26110800
4534,36476717
4535,27919818
4536,23677937
4537,26360485
4538,21686012
4539,10722934
4540,19185918
4541,11228829
4542,42368692
4543,47294745
4544,26753244
4545,7335312
4546,11746881
4547,7006830
4548,8182824
4549,15475256
4550,7423167
4551,36627739
4552,51924007
4553,53901038
4554,62798693
4555,65465152
4556,27907373
4557,35220074
4558,61945421
4559,46358833
4560,16828155
4561,26011612
4562,14607026
4563,905271
4564,1277276
4565,11330404
4566,9876438
4567,4977435
4568,3097182
4569,8748545
4570,6065744
4571,6440389
4572,12011221
4573,62426246
4574,33034970
4575,9551756
4576,4475353
4577,1926807
4578,2170090
4579,12995864
4580,5325813
4581,36321473
4582,15968722
4583,42760259
4584,10454033
4585,19527577
4586,1806657
4587,5173957
4588,1684873
4589,3705458
4590,3022596
4591,6958889
4592,5885676
4593,1433044
4594,2248091
4595,1326310
4596,7930333
4597,6723649
4598,5855909
4599,6015518
4600,3945960
4601,9415668
4602,8309345
4603,2596228
4604,7938409
4605,1722405
4606,1688338
4607,1683268
4608,1866373
4609,1915002
4610,3731475
4611,1901279
4612,1672726
4613,1397120
4614,1229459
4615,1017144
4616,2426309
4617,1006180
4618,2984556
4619,2754363
4620,1265121
4621,1018859
4622,2464239
4623,947540
4624,974822
4625,874656
4626,915152
4627,888200
4628,3824369
4629,837549
4630,855351
4631,865865
4632,866050
4633,853679
4634,899607
4635,845665
4636,886178
4637,907960
4638,1024912
4639,1049451
4640,31426435
4641,19468427
4642,2441068
4643,2404822
4644,21741128
4645,31516673
4646,2379273
4647,885827
4648,970800
4649,982101
4650,961695
4651,936625
4652,1231930
4653,983252
4654,974628
4655,933701
4656,948202
4657,2275981
4658,976085
4659,994311
4660,985989
4661,952421
4662,956326
4663,977515
4664,1001649
4665,937908
4666,972827
4667,975617
4668,732773
4669,20978
4670,0
4671,0
4672,34
4673,0
4674,0
4675,0
4676,16672
4677,0
4678,0
4679,0
4680,0
4681,67512
4682,0
4683,0
4684,26
4685,0
4686,0
4687,3831
4688,23757
4689,0
4690,0
4691,0
4692,572960
4693,22808
4694,0
4695,0
4696,20
4697,0
4698,0
4699,0
4700,28068
4701,4604
4702,0
4703,0
4704,57305
4705,16302
4706,0
4707,0
4708,63
4709,0
4710,0
4711,0
4712,32510
4713,0
4714,0
4715,0
4716,442609
4717,37883
4718,0
4719,0
4720,34
4721,0
4722,0
4723,0
4724,33109
4725,0
4726,0
4727,0
4728,8097269
4729,11277
4730,0
4731,0
4732,67
4733,0
4734,0
4735,0
4736,19955
4737,9107843
4738,370966
4739,15600922
4740,6139240
4741,17855607
4742,35453084
4743,6278308
4744,98
4745,247950
4746,10267406
4747,9396786
4748,509800
4749,515368
4750,481870
4751,14802504
4752,15232913
4753,29037144
4754,29148910
4755,32997567
4756,31586549
4757,33240868
4758,33394786
4759,34644049
4760,35552362
4761,34676621
4762,32528490
4763,32922481
4764,33164293
4765,33272775
4766,33032272
4767,32037699
4768,33623057
4769,33961908
4770,34024392
4771,33933605
4772,34047057
4773,32901261
4774,32756908
4775,42523890
4776,61361249
4777,60750652
4778,61008492
4779,60987236
4780,61880587
4781,89197401
4782,102383457
4783,110677652
4784,77964593
4785,103111619
4786,23692141
4787,19226104
4788,21391800
4789,24153720
4790,24505920
4791,24884951
4792,47439653
4793,7054306
4794,24931381
4795,37871229
4796,41990070
4797,37088742
4798,44236404
4799,47846294
4800,36647239
4801,1038912
4802,20514997
4803,57472233
4804,36704402
4805,54375351
4806,7805732
4807,26054872
4808,26371424
4809,3344267
4810,5127989
4811,17161797
4812,18068096
4813,34422629
4814,12776859
4815,18058379
4816,18077481
4817,19613485
4818,34895649
4819,48815905
4820,59720159
4821,53105736
4822,45050642
4823,27628332
4824,38194887
4825,26424278
4826,34105561
4827,33479359
4828,21801767
4829,39539301
4830,37648193
4831,43589408
4832,38870858
4833,42847055
4834,49681403
4835,46878623
4836,28690421
4837,41037620
4838,41769206
4839,45899587
4840,42784418
4841,35275526
4842,45576741
4843,41027176
4844,33528518
4845,32904889
4846,38413876
4847,42973740
4848,54300302
4849,49161871
4850,45558307
4851,33903775
4852,65774724
4853,102307821
4854,14943385
4855,18376339
4856,30682611
4857,31236482
4858,33906329
4859,29786852
4860,17969122
4861,64052254
4862,60386588
4863,37918535
4864,24968761
4865,26696198
4866,40704929
4867,2786120
4868,3617807
4869,25194164
4870,22123177
4871,9484602
4872,22096095
4873,8878835
4874,5984077
4875,8278440
4876,8777238
4877,17720757
4878,17489877
4879,11164952
4880,9996634
4881,1501978
4882,397721
4883,7010194
4884,5228193
4885,11634678
4886,29080268
4887,11973243
4888,1730547
4889,0
4890,1708873
4891,3484391
4892,2147295
4893,1550898
4894,0
4895,1658759
4896,2222759
4897,14327
4898,12752368
4899,3187055
4900,20181
4901,19133
4902,462430
4903,7352696
4904,42293
4905,2839
4906,30417
4907,799767
4908,140518
4909,21534326
4910,33534839
4911,29583358
4912,1252
4913,0
4914,4039964
4915,200342
4916,20795
4917,0
4918,0
4919,122956
4920,10570
4921,24834
4922,0
4923,995153
4924,37
4925,117063
4926,735350
4927,0
4928,220299
4929,1912777
4930,346738
4931,22869661
4932,225541
4933,286297
4934,103886
4935,0
4936,28828
4937,82349
4938,168400
4939,10617
4940,1051948
4941,5790
4942,169987
4943,581554
4944,1033280
4945,324233
4946,63226
4947,1271645
4948,622066
4949,1191844
4950,1865139
4951,1136079
4952,15262
4953,526594
4954,153224
4955,250504
4956,2217758
4957,3822033
4958,2344437
4959,1706213
4960,882459
4961,0
4962,0
4963,0
4964,19088
4965,0
4966,0
4967,0
4968,6235942
4969,893321
4970,575334
4971,809606
4972,28
4973,316
4974,0
4975,0
4976,20563
4977,0
4978,36
4979,404452
4980,0
4981,2452268
4982,4967955
4983,0
4984,1738921
4985,5387479
4986,5756038
4987,5537432
4988,27442
4989,861376
4990,1283009
4991,243
4992,55161
4993,14027
4994,0
4995,0
4996,34
4997,0
4998,0
4999,0
5000,25352
5001,0
5002,0
5003,0
5004,45547
5005,284454
5006,0
5007,0
5008,33
5009,0
5010,0
5011,9125
5012,18367
5013,0
5014,0
5015,62831
5016,7507181
5017,48724
5018,167834
5019,73246
5020,38484
5021,77863
5022,379555
5023,2655490
5024,3822185
5025,25862514
5026,5996305
5027,14387504
5028,5658306
5029,12193551
5030,32523299
5031,22052014
5032,5895947
5033,865742
5034,10326190
5035,46688
5036,35044
5037,270400
5038,152222
5039,266179
5040,13221250
5041,19182068
5042,4601746
5043,26616246
5044,23449950
5045,19169961
5046,29243045
5047,33385617
5048,33329355
5049,29657626
5050,11533772
5051,29703934
5052,33345355
5053,12122133
5054,33397081
5055,33049386
5056,34275239
5057,33054895
5058,29122408
5059,6885543
5060,12324502
5061,33505699
5062,28597176
5063,31022204
5064,23790509
5065,32742709
5066,33157223
5067,33965888
5068,74257492
5069,113608643
5070,118113167
5071,104104149
5072,71255238
5073,61836102
5074,49956485
5075,19316562
5076,36566451
5077,22954457
5078,26107052
5079,16959014
5080,52649508
5081,39255311
5082,11106345
5083,34631562
5084,33343888
5085,33441419
5086,30267737
5087,34585770
5088,32510761
5089,31987893
5090,27872989
5091,19768971
5092,33376145
5093,33462143
5094,26459919
5095,15229107
5096,14792707
5097,25496977
5098,1952853
5099,20123601
5100,19802674
5101,2222826
5102,19165922
5103,21950409
5104,12306463
5105,12353400
5106,13468398
5107,31865743
5108,18465677
5109,15267178
5110,22502225
5111,33138589
5112,35036662
5113,33700962
5114,33696171
5115,15703382
5116,6141913
5117,7638032
5118,33184852
5119,34563495
5120,31653120
5121,33901590
5122,27081926
5123,33443133
5124,33442375
5125,20895122
5126,21295171
5127,22586512
5128,6631917
5129,23685843
5130,29810460
5131,15087689
5132,31914193
5133,27614570
5134,9251728
5135,29042851
5136,30134807
5137,33249174
5138,33388937
5139,19811087
5140,2491164
5141,28029034
5142,6871708
5143,9268243
5144,26397867
5145,44011216
5146,32904993
5147,18937614
5148,28181722
5149,21285884
5150,32565232
5151,33404668
5152,29581627
5153,1590112
5154,5649245
5155,12265427
5156,13361607
5157,10083910
5158,2236168
5159,3950169
5160,6466871
5161,5471870
5162,1523833
5163,1987442
5164,4111681
5165,1666699
5166,2142321
5167,2380947
5168,1441336
5169,7880881
5170,19619139
5171,32728968
5172,33457288
5173,33532562
5174,32448681
5175,33525838
5176,33480154
5177,33508837
5178,11101045
5179,1074355
5180,672497
5181,1685440
5182,1298270
5183,304551
5184,31362
5185,28264
5186,1352308
5187,1798432
5188,53
5189,3427624
5190,0
5191,2027093
5192,1128325
5193,728082
5194,34000
5195,107433
5196,0
5197,1818076
5198,191040
5199,836829
5200,824918
5201,446268
5202,1963623
5203,1874618
5204,579826
5205,1142626
5206,14533617
5207,5541438
5208,3451128
5209,2576101
5210,2259299
5211,1866449
5212,99451
5213,67930
5214,210956
5215,1920005
5216,1313966
5217,857504
5218,1864490
5219,140590
5220,0
5221,2925809
5222,4216836
5223,391066
5224,1064291
5225,0
5226,747681
5227,6923897
5228,2522305
5229,1143508
5230,1135430
5231,1049269
5232,931988
5233,1891537
5234,3113118
5235,9894583
5236,400536
5237,2473244
5238,3645551
5239,0
5240,18424
5241,0
5242,0
5243,0
5244,942605
5245,1916246
5246,4556619
5247,0
5248,977513
5249,5004598
5250,0
5251,590899
5252,654098
5253,0
5254,0
5255,0
5256,0
5257,1223110
5258,0
5259,0
5260,68095
5261,0
5262,0
5263,0
5264,17968
5265,0
5266,0
5267,0
5268,0
5269,602813
5270,0
5271,0
5272,192237
5273,12394087
5274,0
5275,0
5276,29961
5277,194254
5278,0
5279,328005
5280,0
5281,12399
5282,42316
5283,0
5284,32
5285,0
5286,0
5287,0
5288,19572
5289,0
5290,0
5291,0
5292,37469
5293,32888
5294,0
5295,0
5296,30
5297,0
5298,0
5299,0
5300,14105
5301,0
5302,0
5303,0
5304,7134636
5305,23305
5306,0
5307,0
5308,346850
5309,17621
5310,406593
5311,2185303
5312,13785
5313,7741572
5314,229374
5315,12276947
5316,4799741
5317,2468367
5318,22459432
5319,16545319
5320,10569
5321,1012005
5322,24022877
5323,27916389
5324,17948100
5325,133115
5326,5268406
5327,7169134
5328,21427581
5329,28893679
5330,33412371
5331,33471721
5332,30901406
5333,22199572
5334,33343026
5335,33460929
5336,29490877
5337,25780289
5338,32296940
5339,36493460
5340,28318369
5341,33395273
5342,33022562
5343,33237539
5344,33743881
5345,34427312
5346,49874695
5347,50831874
5348,53300256
5349,45870375
5350,51657876
5351,57515397
5352,49641657
5353,62120508
5354,61880917
5355,61227362
5356,27321773
5357,8756743
5358,38929455
5359,14128150
5360,21432754
5361,14883784
5362,23889819
5363,26158537
5364,33349353
5365,30706083
5366,28042127
5367,32044948
5368,19338762
5369,16951191
5370,19997365
5371,22555978
5372,2216382
5373,18079548
5374,26149837
5375,22130972
5376,13268214
5377,17743173
5378,26322125
5379,24187426
5380,28691793
5381,18551447
5382,19762052
5383,7904590
5384,22092043
5385,6157093
5386,2415395
5387,1983268
5388,13779529
5389,19784093
5390,33406680
5391,33594572
5392,23385729
5393,33424761
5394,21673389
5395,19654129
5396,26455704
5397,30284594
5398,2376989
5399,11408275
5400,18700756
5401,29034150
5402,15449307
5403,3438480
5404,12203873
5405,4258955
5406,14826368
5407,15379775
5408,6532734
5409,3307911
5410,7857243
5411,14446552
5412,8114556
5413,7522234
5414,29154643
5415,12978291
5416,18021884
5417,16083084
5418,4005797
5419,16400057
5420,33700237
5421,33448611
5422,29054460
5423,33514540
5424,29323617
5425,1585457
5426,2600452
5427,9000563
5428,11988354
5429,14578687
5430,24817824
5431,33237682
5432,33290953
5433,33415942
5434,33259764
5435,33437210
5436,33448400
5437,33633909
5438,18613894
5439,9243469
5440,7032951
5441,9230681
5442,11262013
5443,33362262
5444,33415244
5445,33541565
5446,33423347
5447,33590278
5448,33751239
5449,35023733
5450,38214746
5451,33564180
5452,33592709
5453,33600834
5454,32939365
5455,33521374
5456,33799892
5457,33567959
5458,33249727
5459,33594101
5460,32233239
5461,33708449
5462,33429429
5463,494526
5464,5233515
5465,90198
5466,321577
5467,0
5468,40714
5469,50065
5470,166823
5471,24981
5472,0
5473,0
5474,0
5475,0
5476,0
5477,0
5478,0
5479,0
5480,0
5481,0
5482,0
5483,0
5484,0
5485,0
5486,0
5487,0
5488,0
5489,0
5490,0
5491,0
5492,0
5493,0
5494,0
5495,0
5496,0
5497,0
5498,0
5499,0
5500,0
5501,0
5502,0
5503,0
5504,0
5505,0
5506,0
5507,0
5508,0
5509,0
5510,0
5511,0
5512,0
5513,0
5514,0
5515,0
5516,0
5517,0
5518,0
5519,0
5520,0
5521,0
5522,0
5523,0
5524,0
5525,0
5526,0
5527,0
5528,0
5529,0
5530,0
5531,0
5532,0
5533,0
5534,0
5535,0
5536,0
5537,0
5538,0
5539,0
5540,0
5541,0
5542,0
5543,0
5544,0
5545,0
5546,0
5547,0
5548,0
5549,0
5550,0
5551,0
5552,0
5553,0
5554,0
5555,0
5556,0
5557,0
5558,0
5559,0
5560,0
5561,0
5562,0
5563,0
5564,0
5565,0
5566,0
5567,0
5568,0
5569,0
5570,0
5571,0
5572,0
5573,0
5574,0
5575,0
5576,0
5577,0
5578,0
5579,0
5580,0
5581,0
5582,0
5583,0
5584,0
5585,0
5586,0
5587,0
5588,0
5589,0
5590,0
5591,0
5592,0
5593,0
5594,0
5595,0
5596,0
5597,0
5598,0
5599,0
5600,0
5601,0
5602,0
5603,0
5604,0
5605,0
5606,0
5607,0
5608,0
5609,0
5610,0
5611,0
5612,0
5613,0
5614,0
5615,0
5616,0
5617,0
5618,0
5619,0
5620,0
5621,0
5622,0
5623,0
5624,0
5625,0
5626,0
5627,0
5628,0
5629,0
5630,0
5631,0
5632,0
5633,0
5634,0
5635,0
5636,0
5637,0
5638,0
5639,0
5640,0
5641,0
5642,0
5643,0
5644,0
5645,0
5646,0
5647,0
5648,0
5649,0
5650,0
5651,0
5652,0
5653,0
5654,0
5655,0
5656,0
5657,0
5658,0
5659,0
5660,0
5661,0
5662,0
5663,0
5664,0
5665,0
5666,0
5667,0
5668,0
5669,0
5670,0
5671,0
5672,0
5673,0
5674,0
5675,0
5676,0
5677,0
5678,0
5679,0
5680,0
5681,0
5682,0
5683,0
5684,0
5685,0
5686,0
5687,0
5688,0
5689,0
5690,0
5691,0
5692,0
5693,0
5694,0
5695,0
5696,0
5697,0
5698,0
5699,0
5700,0
5701,0
5702,0
5703,0
5704,0
5705,0
5706,0
5707,0
5708,0
5709,0
5710,0
5711,0
5712,0
5713,0
5714,0
5715,0
5716,0
5717,0
5718,0
5719,0
5720,0
5721,0
5722,0
5723,0
5724,0
5725,0
5726,0
5727,0
5728,0
5729,0
5730,0
5731,0
5732,0
5733,0
5734,0
5735,0
5736,0
5737,0
5738,0
5739,0
5740,0
5741,0
5742,0
5743,0
5744,0
5745,0
5746,0
5747,0
5748,0
5749,0
5750,0
5751,0
5752,0
5753,0
5754,0
5755,0
5756,0
5757,0
5758,0
5759,0
5760,0
5761,0
5762,0
5763,0
5764,0
5765,0
5766,0
5767,0
5768,0
5769,0
5770,0
5771,0
5772,0
5773,0
5774,0
5775,0
5776,0
5777,0
5778,0
5779,0
5780,0
5781,0
5782,0
5783,0
5784,0
5785,0
5786,0
5787,0
5788,0
5789,0
5790,0
5791,0
5792,0
5793,0
5794,0
5795,0
5796,0
5797,0
5798,0
5799,0
5800,0
5801,0
5802,0
5803,0
5804,0
5805,0
5806,0
5807,0
5808,0
5809,0
5810,0
5811,0
5812,0
5813,0
5814,0
5815,0
5816,0
5817,0
5818,0
5819,0
5820,0
5821,0
5822,0
5823,0
5824,0
5825,0
5826,0
5827,0
5828,0
5829,0
5830,0
5831,0
5832,0
5833,0
5834,0
5835,0
5836,0
5837,0
5838,0
5839,0
5840,0
5841,0
5842,0
5843,0
5844,0
5845,0
5846,0
5847,0
5848,0
5849,0
5850,0
5851,0
5852,0
5853,0
5854,0
5855,0
5856,0
5857,0
5858,0
5859,0
5860,0
5861,0
5862,0
5863,0
5864,0
5865,0
5866,0
5867,0
5868,0
5869,0
5870,0
5871,0
5872,0
5873,0
5874,0
5875,0
5876,0
5877,0
5878,0
5879,0
5880,0
5881,0
5882,0
5883,0
5884,0
5885,0
5886,0
5887,0
5888,0
5889,0
5890,0
5891,0
5892,0
5893,0
5894,0
5895,0
5896,0
5897,0
5898,0
5899,0
5900,0
5901,0
5902,0
5903,0
5904,0
5905,0
5906,0
5907,0
5908,0
5909,0
5910,0
5911,0
5912,0
5913,0
5914,0
5915,0
5916,0
5917,0
5918,0
5919,0
5920,0
5921,0
5922,0
5923,0
5924,0
5925,0
5926,0
5927,0
5928,0
5929,0
5930,0
5931,0
5932,0
5933,0
5934,0
5935,0
5936,0
5937,0
5938,0
5939,0
5940,0
5941,0
5942,0
5943,0
5944,0
5945,0
5946,0
5947,0
5948,0
5949,0
5950,0
5951,0
5952,0
5953,0
5954,0
5955,0
5956,0
5957,0
5958,0
5959,0
5960,0
5961,0
5962,0
5963,0
5964,0
5965,0
5966,0
5967,0
5968,0
5969,0
5970,0
5971,0
5972,0
5973,0
5974,0
5975,0
5976,0
5977,0
5978,0
5979,0
5980,0
5981,0
5982,0
5983,0
5984,0
5985,0
5986,0
5987,0
5988,0
5989,0
5990,0
5991,0
5992,0
5993,0
5994,0
5995,0
5996,0
5997,0
5998,0
5999,0
6000,0
6001,0
6002,0
6003,0
6004,0
6005,0
6006,0
6007,0
6008,0
6009,0
6010,0
6011,0
6012,0
6013,0
6014,0
6015,0
6016,0
6017,0
6018,0
6019,0
6020,0
6021,0
6022,0
6023,0
6024,0
6025,0
6026,0
6027,0
6028,0
6029,0
6030,0
6031,0
6032,0
6033,0
6034,0
6035,0
6036,0
6037,0
6038,0
6039,0
6040,0
6041,0
6042,0
6043,0
6044,0
6045,0
6046,0
6047,0
6048,499951
6049,14843
6050,0
6051,0
6052,59
6053,0
6054,563868
6055,0
6056,1696018
6057,2885860
6058,3630902
6059,4380796
6060,3003566
6061,29684
6062,208814
6063,99028
6064,21512
6065,166154
6066,200
6067,1626
6068,46408
6069,400068
6070,0
6071,0
6072,0
6073,9426
6074,0
6075,0
6076,70
6077,0
6078,3361654
6079,3489494
6080,15360
6081,0
6082,0
6083,0
6084,3385
6085,11273
6086,0
6087,31459
6088,48
6089,377914
6090,46261
6091,0
6092,22345
6093,0
6094,17427531
6095,0
6096,5940
6097,370920
6098,31329636
6099,33583517
6100,24923967
6101,27641359
6102,22804626
6103,0
6104,24991
6105,939982
6106,879310
6107,462965
6108,372927
6109,11662
6110,0
6111,0
6112,50
6113,0
6114,19242
6115,90429
6116,15680
6117,551754
6118,11293663
6119,7532447
6120,0
6121,8223
6122,641954
6123,0
6124,48799
6125,0
6126,0
6127,0
6128,21019
6129,0
6130,0
6131,0
6132,0
6133,19313
6134,495390
6135,0
6136,222740
6137,0
6138,740051
6139,0
6140,19922
6141,189824
6142,0
6143,376776
6144,0
6145,67672
6146,0
6147,0
6148,48
6149,0
6150,0
6151,0
6152,22754
6153,0
6154,0
6155,0
6156,0
6157,281873
6158,15431
6159,0
6160,20
6161,0
6162,0
6163,0
6164,17563
6165,0
6166,0
6167,0
6168,8901923
6169,63259
6170,0
6171,0
6172,117
6173,0
6174,379766
6175,2109796
6176,1531895
6177,8938997
6178,924737
6179,14176951
6180,5394115
6181,2739289
6182,1404100
6183,648511
6184,23418386
6185,3749714
6186,16655166
6187,14509519
6188,3734687
6189,11984102
6190,18542324
6191,21488963
6192,27447646
6193,26905247
6194,33399527
6195,33407912
6196,34946297
6197,37782378
6198,37134275
6199,32475630
6200,32784466
6201,33132701
6202,32955112
6203,33341847
6204,54925458
6205,64013568
6206,5597110
6207,9038137
6208,23226467
6209,62140068
6210,61907354
6211,48642449
6212,61906755
6213,20853331
6214,8212353
6215,6820697
6216,10379958
6217,33460560
6218,37505913
6219,33447887
6220,31468234
6221,31386205
6222,33506627
6223,33422031
6224,21915468
6225,22638683
6226,1294553
6227,12720492
6228,7748580
6229,10379697
6230,23790844
6231,28105446
6232,24591529
6233,17925552
6234,6118518
6235,23035704
6236,10514120
6237,13801016
6238,29497614
6239,31802704
6240,33274687
6241,22547966
6242,34265604
6243,32648241
6244,21611756
6245,8915921
6246,10980067
6247,2986042
6248,15811062
6249,33464783
6250,32143827
6251,33571993
6252,32500394
6253,33609629
6254,33448472
6255,32807401
6256,21002932
6257,33426427
6258,33292229
6259,13389909
6260,29361217
6261,13093747
6262,3540104
6263,20232131
6264,33144266
6265,32094008
6266,25068805
6267,7272799
6268,24754197
6269,28178670
6270,13956895
6271,17502316
6272,16050991
6273,20708127
6274,25456394
6275,27909932
6276,8181983
6277,13129454
6278,20554411
6279,28414508
6280,19465279
6281,10534521
6282,9866800
6283,16584240
6284,23429173
6285,5031021
6286,24606224
6287,24105304
6288,33457962
6289,15700176
6290,21754076
6291,11548151
6292,8101113
6293,6075550
6294,10698606
6295,2009069
6296,18091190
6297,32500938
6298,33419265
6299,35342034
6300,33510320
6301,35305816
6302,33467815
6303,20005508
6304,1485638
6305,3793865
6306,4805194
6307,2730777
6308,8867954
6309,2089778
6310,13582987
6311,2846719
6312,9314187
6313,2894567
6314,6878729
6315,8508071
6316,16435112
6317,8693404
6318,10186046
6319,20699936
6320,22520489
6321,8177073
6322,7588458
6323,12073845
6324,6210404
6325,13210300
6326,44621
6327,21139
6328,644
6329,1935037
6330,1136444
6331,223749
6332,1368057
6333,2272340
6334,10048466
6335,6830761
6336,1761200
6337,3790928
6338,2888271
6339,2882210
6340,43
6341,3633703
6342,7308042
6343,16860594
6344,2436979
6345,66609
6346,0
6347,48060
6348,0
6349,11830
6350,121
6351,565521
6352,406
6353,1482
6354,933234
6355,4639399
6356,3588468
6357,0
6358,611370
6359,529323
6360,0
6361,9199
6362,0
6363,58023
6364,52
6365,0
6366,0
6367,0
6368,14960
6369,467784
6370,0
6371,0
6372,387565
6373,14254
6374,111486
6375,118577
6376,38755
6377,0
6378,0
6379,332013
6380,720199
6381,636902
6382,203975
6383,504665
6384,17509
6385,11466
6386,172532
6387,2121954
6388,64653
6389,0
6390,0
6391,689975
6392,728447
6393,3989
6394,524984
6395,3427
6396,846098
6397,21675
6398,824731
6399,1692685
6400,51483
6401,144596
6402,154766
6403,0
6404,66290
6405,45255
6406,0
6407,0
6408,111119
6409,196083
6410,339018
6411,0
6412,73
6413,12004
6414,0
6415,16762
6416,18333
6417,0
6418,0
6419,9377
6420,0
6421,530714
6422,0
6423,48441
6424,158278
6425,0
6426,0
6427,0
6428,12507
6429,170961
6430,16758
6431,1143142
6432,0
6433,65107
6434,47891
6435,43015
6436,69
6437,120034
6438,0
6439,2292812
6440,19221
6441,905506
6442,1601
6443,0
6444,821357
6445,11331
6446,0
6447,0
6448,41
6449,0
6450,0
6451,0
6452,12667
6453,0
6454,0
6455,0
6456,5389623
6457,8779
6458,0
6459,1479
6460,30
6461,0
6462,450188
6463,2229997
6464,18829
6465,7922865
6466,291311
6467,13389899
6468,5395871
6469,1910774
6470,10758173
6471,22781043
6472,4932
6473,0
6474,21390791
6475,2342846
6476,851312
6477,5375
6478,5216961
6479,187109
6480,8777003
6481,31810119
6482,6671931
6483,25941440
6484,30463814
6485,33594967
6486,30337378
6487,30388921
6488,562764
6489,7888181
6490,2043416
6491,7382860
6492,33453699
6493,33330467
6494,33525134
6495,34413847
6496,33423886
6497,35100603
6498,40388420
6499,59250833
6500,39569236
6501,11175050
6502,17902731
6503,8711540
6504,2143385
6505,24098218
6506,33475447
6507,32433363
6508,33006720
6509,32636178
6510,32576237
6511,33476988
6512,33427436
6513,33486908
6514,33460161
6515,33483929
6516,33471851
6517,33358856
6518,32872404
6519,33598279
6520,32537947
6521,32151993
6522,18230545
6523,11815477
6524,1339794
6525,237824
6526,29533044
6527,54283263
6528,54136084
6529,54265044
6530,54237344
6531,35389570
6532,33458898
6533,33482653
6534,32683651
6535,33582859
6536,33529650
6537,24831721
6538,8998744
6539,2581106
6540,3598568
6541,6536074
6542,15784466
6543,31995918
6544,13332554
6545,12201006
6546,299471
6547,5307702
6548,875575
6549,425212
6550,1300233
6551,265497
6552,33313314
6553,33389385
6554,33491940
6555,34604947
6556,43680321
6557,61430094
6558,53583981
6559,304350
6560,7926850
6561,40821311
6562,63973884
6563,63485947
6564,42732337
6565,20879174
6566,26187111
6567,26952863
6568,24005272
6569,19835887
6570,3713845
6571,1203572
6572,10689931
6573,1250686
6574,4441095
6575,2630504
6576,27272437
6577,33404056
6578,34025440
6579,33744884
6580,33602465
6581,33325484
6582,33079980
6583,32838477
6584,34822992
6585,62179574
6586,54750589
6587,27190202
6588,22163855
6589,83214928
6590,14320471
6591,7796271
6592,11196741
6593,35872112
6594,48507359
6595,67230960
6596,8740253
6597,69022686
6598,23863880
6599,11560268
6600,17668879
6601,61912369
6602,30589048
6603,132513
6604,5407365
6605,9353034
6606,2467180
6607,1182812
6608,958055
6609,591279
6610,94775
6611,150074
6612,9101814
6613,2739336
6614,7788601
6615,30898
6616,642194
6617,696697
6618,435009
6619,2326221
6620,1623284
6621,2763612
6622,5427102
6623,240892
6624,36130
6625,245176
6626,229057
6627,3835244
6628,76442
6629,4192933
6630,4984451
6631,9354558
6632,1695747
6633,7092164
6634,4485306
6635,49940
6636,602516
6637,83121
6638,212079
6639,103678
6640,27036
6641,338469
6642,223802
6643,13211
6644,174521
6645,40187
6646,46090
6647,0
6648,261704
6649,23413
6650,1857344
6651,0
6652,23
6653,1165
6654,0
6655,1517725
6656,16464
6657,0
6658,0
6659,0
6660,423683
6661,21244
6662,273967
6663,0
6664,19
6665,0
6666,0
6667,0
6668,19616
6669,0
6670,0
6671,0
6672,6303
6673,10232
6674,0
6675,0
6676,26
6677,0
6678,0
6679,0
6680,19326
6681,0
6682,0
6683,0
6684,0
6685,10518
6686,0
6687,0
6688,43
6689,0
6690,0
6691,57335
6692,17696
6693,0
6694,1306959
6695,0
6696,1113232
6697,2244376
6698,1123518
6699,804582
6700,364173
6701,871964
6702,0
6703,0
6704,14709
6705,0
6706,0
6707,0
6708,541978
6709,12229
6710,0
6711,0
6712,169668
6713,0
6714,0
6715,0
6716,30202
6717,733280
6718,0
6719,259214
6720,39856
6721,16987
6722,0
6723,0
6724,117
6725,0
6726,5420
6727,5
6728,16651
6729,0
6730,0
6731,2419319
6732,37802
6733,10173
6734,0
6735,0
6736,12
6737,0
6738,0
6739,0
6740,18036
6741,0
6742,0
6743,0
6744,6623945
6745,12852
6746,4697556
6747,0
6748,160792
6749,0
6750,258344
6751,8168378
6752,32252
6753,7599398
6754,4135315
6755,16840514
6756,24954877
6757,39191323
6758,1860016
6759,3317410
6760,58291
6761,224254
6762,39107206
6763,62294385
6764,62264590
6765,61957288
6766,48187787
6767,30363729
6768,59295645
6769,50405046
6770,11730958
6771,30836444
6772,17479189
6773,6098347
6774,40235333
6775,56639213
6776,15494676
6777,13101860
6778,22779926
6779,3555615
6780,9040852
6781,10692421
6782,50918575
6783,61634023
6784,62199394
6785,61995891
6786,61998347
6787,62261977
6788,62235504
6789,62304121
6790,62076604
6791,62190944
6792,58818965
6793,48932084
6794,54800765
6795,23245738
6796,5185616
6797,1648412
6798,36867705
6799,15876901
6800,2695270
6801,6912044
6802,15780280
6803,4294021
6804,14385888
6805,24870962
6806,10150025
6807,3590802
6808,41729878
6809,50339685
6810,24663071
6811,8383170
6812,1574722
6813,9031146
6814,8533172
6815,13432628
6816,21322081
6817,62104567
6818,61981211
6819,62088409
6820,43260401
6821,3821822
6822,1156522
6823,20091030
6824,4449722
6825,9343414
6826,7211682
6827,20298139
6828,12095675
6829,940952
6830,9555254
6831,13211421
6832,16018064
6833,27455881
6834,15897887
6835,8261671
6836,14703525
6837,13676855
6838,11037702
6839,15962277
6840,51475812
6841,62153034
6842,61876291
6843,61585616
6844,61695614
6845,77638542
6846,77935838
6847,31779152
6848,45480314
6849,11428628
6850,8467160
6851,10027053
6852,16615256
6853,19642899
6854,26676643
6855,18277836
6856,52473028
6857,3369620
6858,205599
6859,44888665
6860,45372230
6861,33452382
6862,42446186
6863,91297760
6864,90938924
6865,95438886
6866,171130395
6867,159339458
6868,150582422
6869,151748364
6870,151818489
6871,117039732
6872,105429233
6873,158669082
6874,127033954
6875,1163080
6876,15626471
6877,14218904
6878,10696046
6879,22240416
6880,33359191
6881,32619781
6882,33404662
6883,40798630
6884,61747098
6885,61893668
6886,17161987
6887,4504092
6888,11062482
6889,15043627
6890,29982781
6891,38975050
6892,20507593
6893,14273732
6894,10106483
6895,4238027
6896,2427687
6897,5313682
6898,4917666
6899,1280951
6900,40977
6901,13931834
6902,26157844
6903,23686195
6904,24905711
6905,2443250
6906,4714444
6907,6874488
6908,5088690
6909,1249014
6910,1150645
6911,3007474
6912,11532
6913,1505
6914,6951
6915,21685693
6916,33512757
6917,33678376
6918,33635354
6919,33612019
6920,33431249
6921,33594015
6922,33374855
6923,33533028
6924,33710348
6925,33534442
6926,33301690
6927,33511988
6928,33379259
6929,33587188
6930,33603390
6931,33605316
6932,33601184
6933,33593157
6934,33583557
6935,33590032
6936,33542295
6937,33461449
6938,33607080
6939,33496939
6940,33599205
6941,33599147
6942,33601239
6943,33672333
6944,33549529
6945,33491260
6946,33590900
6947,33534965
6948,33585431
6949,33519956
6950,33557211
6951,33586856
6952,33586800
6953,33453770
6954,33508610
6955,33546233
6956,33573865
6957,33588936
6958,33426546
6959,33544359
6960,33571051
6961,33584187
6962,33601500
6963,33601136
6964,33590201
6965,33592736
6966,33602285
6967,33573196
6968,33597088
6969,33602565
6970,33598841
6971,33623256
6972,33602983
6973,33581011
6974,33593157
6975,33602735
6976,33603255
6977,33504418
6978,33596886
6979,33560613
6980,33566225
6981,33573871
6982,33592315
6983,33608432
6984,33773559
6985,33659152
6986,33821459
6987,4392135
6988,6789382
6989,234
6990,0
6991,0
6992,19755
6993,2648396
6994,0
6995,0
6996,0
6997,498586
6998,0
6999,0
7000,4289
7001,0
7002,0
7003,0
7004,20063
7005,226753
7006,0
7007,370674
7008,35221
7009,14118
7010,903705
7011,8561
7012,490319
7013,0
7014,0
7015,0
7016,14729
7017,0
7018,0
7019,0
7020,69421
7021,345384
7022,27181
7023,0
7024,61
7025,0
7026,0
7027,0
7028,21468
7029,0
7030,0
7031,0
7032,8851543
7033,10956
7034,0
7035,0
7036,114
7037,0
7038,395664
7039,2555134
7040,15150
7041,7349059
7042,298474
7043,12943761
7044,4639291
7045,2312037
7046,31016933
7047,12214144
7048,518336
7049,1921889
7050,9919952
7051,5739717
7052,33561525
7053,33412429
7054,33392406
7055,33581905
7056,33313020
7057,33357919
7058,34076863
7059,70777637
7060,91072317
7061,90760588
7062,90610907
7063,90433695
7064,90938884
7065,90653328
7066,90802051
7067,90495614
7068,90284371
7069,91266946
7070,92943954
7071,108462784
7072,153272818
7073,153173437
7074,152184154
7075,152990375
7076,153329654
7077,153397711
7078,153521582
7079,152987169
7080,152358821
7081,152589790
7082,152636548
7083,152554353
7084,150791449
7085,138302396
7086,152124988
7087,152131595
7088,152193063
7089,154893545
7090,158075640
7091,153180426
7092,153299599
7093,153634564
7094,150077300
7095,32328269
7096,11763540
7097,19131646
7098,33470238
7099,33469776
7100,33430137
7101,33334873
7102,33284067
7103,37793057
7104,90787900
7105,70913496
7106,8879274
7107,33459924
7108,20446406
7109,22909310
7110,18638225
7111,12397391
7112,19251743
7113,5528616
7114,3544779
7115,26763598
7116,18482988
7117,17797034
7118,23037063
7119,11686872
7120,13680773
7121,3592560
7122,24397257
7123,16961944
7124,21652725
7125,23926365
7126,29192843
7127,9256188
7128,28192407
7129,17720742
7130,9733791
7131,13224166
7132,10911144
7133,11326037
7134,9110998
7135,14187377
7136,23933560
7137,29387701
7138,27260806
7139,18332515
7140,10489201
7141,24963027
7142,10921410
7143,18127393
7144,27559900
7145,15055824
7146,6698496
7147,35758624
7148,17147772
7149,7632060
7150,16729262
7151,9019236
7152,10963939
7153,4770404
7154,8877475
7155,34390160
7156,29676968
7157,4915222
7158,9134677
7159,13951292
7160,33036967
7161,31644933
7162,33112618
7163,24183813
7164,3105881
7165,2692412
7166,6255714
7167,407761
7168,4030433
7169,9250347
7170,12680091
7171,810413
7172,687630
7173,2069031
7174,1311233
7175,8811122
7176,7606643
7177,367971
7178,430691
7179,663477
7180,1145571
7181,3171034
7182,13454499
7183,7264598
7184,6970209
7185,278259
7186,277594
7187,611762
7188,44647
7189,4960672
7190,402
7191,58777
7192,1474313
7193,188704
7194,49012
7195,386428
7196,217321
7197,5986
7198,1808173
7199,266840
7200,0
7201,17335
7202,338827
7203,493590
7204,156
7205,0
7206,446
7207,0
7208,103913
7209,14104763
7210,0
7211,0
7212,532725
7213,10065
7214,0
7215,0
7216,18731
7217,0
7218,149578
7219,748236
7220,13371
7221,1169932
7222,112
7223,2917
7224,1674436
7225,2540361
7226,7755
7227,26
7228,10113
7229,6530
7230,7413
7231,16928
7232,36142
7233,33137
7234,19490
7235,6601
7236,8720
7237,21844
7238,659167
7239,0
7240,13924
7241,0
7242,22
7243,5860
7244,12222
7245,1105
7246,0
7247,0
7248,10462
7249,11891
7250,21433
7251,0
7252,21793
7253,0
7254,10178
7255,2567119
7256,19901
7257,44
7258,160
7259,0
7260,0
7261,3225126
7262,1772898
7263,1702416
7264,1518209
7265,268606
7266,0
7267,0
7268,16304
7269,0
7270,0
7271,0
7272,2266
7273,207789
7274,0
7275,0
7276,33626
7277,0
7278,0
7279,5880
7280,60793
7281,0
7282,51326
7283,20337
7284,706091
7285,199087
7286,93418
7287,142458
7288,3134
7289,0
7290,13005
7291,0
7292,17452
7293,180672
7294,0
7295,367835
7296,17593
7297,52202
7298,0
7299,0
7300,107
7301,0
7302,0
7303,0
7304,14915
7305,0
7306,0
7307,0
7308,44539
7309,9700
7310,0
7311,0
7312,95
7313,0
7314,0
7315,0
7316,17962
7317,0
7318,0
7319,0
7320,6413953
7321,10077
7322,0
7323,0
7324,844
7325,0
7326,315969
7327,2139767
7328,13156
7329,7963180
7330,310910
7331,12524971
7332,4894378
7333,13055346
7334,22562374
7335,2569472
7336,174331
7337,3254124
7338,8972615
7339,34782
7340,13340
7341,333471
7342,107949
7343,11367997
7344,15189190
7345,17561856
7346,1603182
7347,7066009
7348,6133796
7349,7232297
7350,29619141
7351,32713670
7352,9751208
7353,19038131
7354,20606267
7355,24763087
7356,27293294
7357,32584858
7358,33547241
7359,35498317
7360,42513458
7361,56513064
7362,62864477
7363,59065208
7364,55335210
7365,40629370
7366,15788419
7367,61263166
7368,60843810
7369,42710752
7370,33633612
7371,33427101
7372,33396793
7373,33642569
7374,33147980
7375,28454580
7376,15113205
7377,13754526
7378,11417249
7379,33467665
7380,28073370
7381,50104056
7382,36035293
7383,10754951
7384,12608953
7385,26963842
7386,16965348
7387,6208129
7388,12077005
7389,6616305
7390,13603430
7391,26691282
7392,33364363
7393,13485339
7394,11777199
7395,13983834
7396,9793076
7397,5014327
7398,6102584
7399,3865624
7400,7916389
7401,250489
7402,20045969
7403,24314581
7404,5796036
7405,30981637
7406,33048663
7407,33021653
7408,26909006
7409,5957714
7410,12979021
7411,10781886
7412,2632802
7413,15033796
7414,5512766
7415,5854137
7416,19326849
7417,12686985
7418,6869812
7419,9827835
7420,8044780
7421,6166987
7422,8730174
7423,4411304
7424,3608969
7425,3595488
7426,1259562
7427,3039727
7428,5359691
7429,1037800
7430,5316698
7431,365398
7432,18956399
7433,9399841
7434,8641282
7435,1050661
7436,5392141
7437,1451900
7438,8074312
7439,1654468
7440,10574983
7441,11413250
7442,20205566
7443,11263312
7444,9137420
7445,12557090
7446,26595112
7447,18503921
7448,11562758
7449,14535760
7450,11435410
7451,6138519
7452,7565688
7453,24070821
7454,7823684
7455,25005526
7456,8738475
7457,236765
7458,12892105
7459,17554275
7460,10384610
7461,12580291
7462,16214420
7463,12279073
7464,21553920
7465,2712381
7466,14074800
7467,6340325
7468,14041174
7469,10480249
7470,3244604
7471,14980441
7472,2389517
7473,15672584
7474,22628543
7475,890974
7476,5575004
7477,6053954
7478,3402258
7479,0
7480,32
7481,186127
7482,0
7483,6142281
7484,1733496
7485,11560507
7486,3762533
7487,1355978
7488,0
7489,0
7490,0
7491,0
7492,0
7493,0
7494,0
7495,0
7496,0
7497,0
7498,0
7499,0
7500,0
7501,0
7502,0
7503,0
7504,0
7505,0
7506,0
7507,0
7508,0
7509,0
7510,0
7511,0
7512,0
7513,0
7514,0
7515,0
7516,0
7517,0
7518,0
7519,0
7520,0
7521,0
7522,0
7523,0
7524,0
7525,0
7526,0
7527,0
7528,0
7529,0
7530,0
7531,0
7532,0
7533,0
7534,0
7535,0
7536,0
7537,0
7538,0
7539,0
7540,0
7541,0
7542,0
7543,0
7544,0
7545,0
7546,0
7547,0
7548,0
7549,0
7550,0
7551,0
7552,0
7553,0
7554,0
7555,0
7556,0
7557,0
7558,0
7559,0
7560,0
7561,0
7562,0
7563,0
7564,0
7565,0
7566,0
7567,0
7568,0
7569,0
7570,0
7571,0
7572,0
7573,0
7574,0
7575,0
7576,0
7577,0
7578,0
7579,0
7580,0
7581,0
7582,0
7583,0
7584,0
7585,0
7586,0
7587,0
7588,0
7589,0
7590,0
7591,0
7592,0
7593,0
7594,0
7595,0
7596,0
7597,0
7598,0
7599,0
7600,0
7601,0
7602,0
7603,0
7604,0
7605,0
7606,0
7607,0
7608,0
7609,0
7610,0
7611,0
7612,0
7613,0
7614,0
7615,0
7616,0
7617,0
7618,0
7619,0
7620,0
7621,0
7622,0
7623,0
7624,0
7625,0
7626,0
7627,0
7628,0
7629,0
7630,0
7631,0
7632,0
7633,0
7634,0
7635,0
7636,0
7637,0
7638,0
7639,0
7640,0
7641,0
7642,0
7643,0
7644,0
7645,0
7646,0
7647,0
7648,0
7649,0
7650,0
7651,0
7652,0
7653,0
7654,0
7655,0
7656,0
7657,0
7658,0
7659,0
7660,0
7661,0
7662,0
7663,0
7664,0
7665,0
7666,0
7667,0
7668,0
7669,0
7670,0
7671,0
7672,0
7673,0
7674,0
7675,0
7676,0
7677,0
7678,0
7679,0
7680,0
7681,0
7682,0
7683,0
7684,0
7685,0
7686,0
7687,0
7688,0
7689,0
7690,0
7691,0
7692,0
7693,0
7694,0
7695,0
7696,0
7697,0
7698,0
7699,0
7700,0
7701,0
7702,0
7703,0
7704,0
7705,0
7706,0
7707,0
7708,0
7709,0
7710,0
7711,0
7712,0
7713,0
7714,0
7715,0
7716,0
7717,0
7718,0
7719,0
7720,0
7721,0
7722,0
7723,0
7724,0
7725,0
7726,0
7727,0
7728,0
7729,0
7730,0
7731,0
7732,0
7733,0
7734,0
7735,0
7736,0
7737,0
7738,0
7739,0
7740,0
7741,0
7742,0
7743,0
7744,0
7745,0
7746,0
7747,0
7748,0
7749,0
7750,0
7751,0
7752,0
7753,0
7754,0
7755,0
7756,0
7757,0
7758,0
7759,0
7760,0
7761,0
7762,0
7763,0
7764,0
7765,0
7766,0
7767,0
7768,0
7769,0
7770,0
7771,0
7772,0
7773,0
7774,0
7775,0
7776,0
7777,0
7778,0
7779,0
7780,0
7781,0
7782,0
7783,0
7784,0
7785,0
7786,0
7787,0
7788,0
7789,0
7790,0
7791,0
7792,0
7793,0
7794,0
7795,0
7796,0
7797,0
7798,0
7799,0
7800,0
7801,0
7802,0
7803,0
7804,0
7805,0
7806,0
7807,0
7808,0
7809,0
7810,0
7811,0
7812,0
7813,0
7814,0
7815,0
7816,0
7817,0
7818,0
7819,0
7820,0
7821,0
7822,0
7823,0
7824,0
7825,0
7826,0
7827,0
7828,0
7829,0
7830,0
7831,0
7832,0
7833,0
7834,0
7835,0
7836,0
7837,0
7838,0
7839,0
7840,0
7841,0
7842,0
7843,0
7844,0
7845,0
7846,0
7847,0
7848,0
7849,0
7850,0
7851,0
7852,0
7853,0
7854,0
7855,0
7856,0
7857,0
7858,0
7859,0
7860,0
7861,0
7862,0
7863,0
7864,0
7865,0
7866,0
7867,0
7868,0
7869,0
7870,0
7871,0
7872,0
7873,0
7874,0
7875,0
7876,0
7877,0
7878,0
7879,0
7880,0
7881,0
7882,0
7883,0
7884,0
7885,0
7886,0
7887,0
7888,0
7889,0
7890,0
7891,0
7892,0
7893,0
7894,0
7895,0
7896,0
7897,0
7898,0
7899,0
7900,0
7901,0
7902,0
7903,0
7904,0
7905,0
7906,0
7907,0
7908,0
7909,0
7910,0
7911,0
7912,0
7913,0
7914,0
7915,0
7916,0
7917,0
7918,0
7919,0
7920,0
7921,0
7922,0
7923,0
7924,0
7925,0
7926,0
7927,0
7928,0
7929,0
7930,0
7931,0
7932,0
7933,0
7934,0
7935,0
7936,0
7937,0
7938,0
7939,0
7940,0
7941,0
7942,0
7943,0
7944,0
7945,0
7946,0
7947,0
7948,0
7949,0
7950,0
7951,0
7952,0
7953,0
7954,0
7955,0
7956,0
7957,0
7958,0
7959,0
7960,0
7961,0
7962,0
7963,0
7964,0
7965,0
7966,0
7967,0
7968,0
7969,0
7970,0
7971,0
7972,0
7973,0
7974,0
7975,0
7976,0
7977,0
7978,0
7979,0
7980,0
7981,0
7982,0
7983,0
7984,0
7985,0
7986,0
7987,0
7988,0
7989,0
7990,0
7991,0
7992,0
7993,0
7994,0
7995,0
7996,0
7997,0
7998,0
7999,0
8000,0
8001,0
8002,0
8003,0
8004,0
8005,0
8006,0
8007,0
8008,0
8009,0
8010,0
8011,0
8012,0
8013,0
8014,0
8015,0
8016,0
8017,0
8018,0
8019,0
8020,0
8021,0
8022,0
8023,0
8024,0
8025,0
8026,0
8027,0
8028,0
8029,0
8030,0
8031,0
8032,0
8033,0
8034,0
8035,0
8036,0
8037,0
8038,0
8039,0
8040,0
8041,0
8042,0
8043,0
8044,0
8045,0
8046,0
8047,0
8048,0
8049,0
8050,0
8051,0
8052,0
8053,0
8054,0
8055,0
8056,0
8057,0
8058,0
8059,0
8060,0
8061,0
8062,0
8063,0
8064,773
8065,2064046
8066,22
8067,142207
8068,24
8069,0
8070,582867
8071,2201837
8072,230198
8073,33502
8074,0
8075,144
8076,451374
8077,139994
8078,36896
8079,4479
8080,3088402
8081,9262681
8082,2906558
8083,0
8084,16926
8085,769400
8086,177150
8087,639599
8088,4321285
8089,5230377
8090,0
8091,25049604
8092,33539348
8093,33519658
8094,33561704
8095,33508785
8096,32311048
8097,10091041
8098,1897556
8099,4421
8100,4242365
8101,10028
8102,1987286
8103,122791
8104,223090
8105,293857
8106,57412
8107,0
8108,242135
8109,210832
8110,363657
8111,0
8112,5018
8113,357699
8114,0
8115,0
8116,759510
8117,1870133
8118,7284
8119,0
8120,158006
8121,272489
8122,0
8123,0
8124,2438179
8125,1955601
8126,0
8127,0
8128,122
8129,0
8130,0
8131,0
8132,19298
8133,0
8134,895119
8135,421969
8136,74027
8137,63054
8138,0
8139,0
8140,36
8141,0
8142,67
8143,5339
8144,53350
8145,347971
8146,0
8147,773105
8148,2533644
8149,28026
8150,31373
8151,58532
8152,116820
8153,169614
8154,954879
8155,395858
8156,2528541
8157,1877198
8158,523235
8159,1288805
8160,1841884
8161,7984
8162,2106319
8163,0
8164,234379
8165,200496
8166,0
8167,232182
8168,21518
8169,0
8170,0
8171,0
8172,39968
8173,8363
8174,0
8175,1680260
8176,40
8177,0
8178,0
8179,0
8180,17902
8181,0
8182,0
8183,0
8184,8602035
8185,11208
8186,0
8187,0
8188,8986
8189,76264
8190,301024
8191,2185909
8192,17779
8193,7580764
8194,1473434
8195,11344824
8196,7209686
8197,19490272
8198,15789249
8199,584469
8200,505744
8201,46138
8202,8709407
8203,3652669
8204,239853
8205,1818689
8206,30044285
8207,33538120
8208,33352372
8209,33289947
8210,33374843
8211,33513426
8212,33641415
8213,37640356
8214,46353074
8215,62050281
8216,17079470
8217,4786734
8218,11477744
8219,16461979
8220,47975556
8221,23763945
8222,43715864
8223,14186394
8224,14318920
8225,11073240
8226,28424084
8227,16706526
8228,15877924
8229,10553793
8230,13353068
8231,10015985
8232,20980778
8233,33345495
8234,33606631
8235,42807109
8236,56962430
8237,25536488
8238,15758884
8239,29968869
8240,5212337
8241,2688489
8242,7597269
8243,11462472
8244,18163778
8245,20048943
8246,24518433
8247,4155448
8248,27932479
8249,10053564
8250,9531596
8251,25489275
8252,25760312
8253,17745430
8254,5089259
8255,14903013
8256,31227201
8257,5778771
8258,7519620
8259,15939106
8260,15118908
8261,10749477
8262,12481102
8263,8080067
8264,11314041
8265,22254223
8266,20915973
8267,3217914
8268,12243304
8269,18578891
8270,5514876
8271,99641
8272,2582928
8273,2304877
8274,21810561
8275,24351078
8276,24795983
8277,33204527
8278,30533110
8279,17749931
8280,28387289
8281,17357793
8282,16505189
8283,13620446
8284,25542505
8285,10519604
8286,3857540
8287,15001045
8288,21257764
8289,6655429
8290,9176613
8291,12306943
8292,21059939
8293,29575598
8294,23031032
8295,5091819
8296,10136115
8297,12295817
8298,5939401
8299,14505115
8300,3289117
8301,33496014
8302,33471703
8303,33466296
8304,33249415
8305,32859202
8306,24946609
8307,21323343
8308,14825678
8309,33476710
8310,33517552
8311,33540374
8312,33546085
8313,27264136
8314,28897015
8315,20339818
8316,5640629
8317,7421045
8318,9767385
8319,8628565
8320,22395414
8321,33617918
8322,33079214
8323,31906790
8324,28673919
8325,33457956
8326,33375791
8327,33546786
8328,15524361
8329,2756461
8330,5872280
8331,571899
8332,1418636
8333,5412677
8334,20457369
8335,9065121
8336,16504036
8337,7168724
8338,1625440
8339,3539915
8340,2643264
8341,792419
8342,0
8343,183977
8344,470077
8345,1525019
8346,56134
8347,2915621
8348,6184550
8349,181930
8350,11080
8351,2814
